competitor_id,name
087bd3bafb6c46978005ff21842919bd,lestatanic
1bc86110e6c1492f87d243410ce2644f,Harry Atkinson
45d37fc879cf4ea59b100838e461174b,amilne
4b7e66bd1a464ca8a8561f9dbd080568,Greg Katz
548e2ca1e96e45c6904e24908b898046,groundbeefy
65d087da7eb44b37a72cddf8de97d01b,Marie Shear
66db071715324d44ab6ad09f609640e2,Samuel Quinn Morris
672ebf35a06f48ba9f5a00e8deac2149,katie m
68df21f58fb348239e61e6dffdd70095,Carly Palicz
77d8276c3aa54dbfb8507251fd889746,timber heart
9bb7a6f84baf47d9aaaa374a51b51e0e,breterbie
9f21213b1b6045f7ab1b23ad763b8a8d,Tom Downie
a031fa14c0bf42978edf8224e3253d45,fig
a279f32e317f4fefa873b60c91048487,Ella
a5a8037c61b041dcbc06cec7b45298ef,mylee
acb3beb7eea8419aa5eb0f86f6c70e9c,Wayne Torrey
b643a86e41b543948d0ac55c17cbbc79,Jess
c16d4e5f92a5411abdb047d82b72fe2c,KasenB
cb5d7fc521bb4446a1e8c25486207ac2,Harvey
d0eac09896fd42ce8fcfb629ee05a9af,Brendan Seyka
d3d51805b25740b198a8871732fe5910,B
dabfe0d311ff4e03a85f9d1056769bdb,mush
e2da4cbaa7ef4014bf4429ee89f716db,WYVMT
e4cd40ede6844e749dc51450e0f4395e,Nick Gelling
ea65eeeafbf649bb88da72b305ecda61,Darian B
ed6b385ed8d145d49ca4afac07070e9e,[DELETED]
162bda7f10854874aa2678bcc95019f5,Jarad Selner
72dc3963c08c4c86bb116294efd691d4,Gamb
b03d73d1614b44b6a6b988282e5fecde,Lupe Balteira
f3d015ff364f4f34aec6c51ff8f8dcfd,thebadcarcrash
08ac136f62c346428ab15a23a4dae3c1,pigmint_
12970f0e22c64e9d8b6f1cf33083514c,helliott
18ef8246e8134716a1c35c0f7635145a,Andie Lee
2673715bca7d4e49b8b0c1e1cd5c4cba,wishous
30df215972534f33ba3c9ef02ad26f0c,MB
4d7b06fb7e1b426884f7df6a779fc8cf,elbowspoon
6f3b1611dd3e42eaa6194b13f896e714,Don Cheadle
82d2878cb20845e094a59c1c583b4ec0,piggu_
8574f9f5f81d48deb991d489b34e0f61,Jenna.
8c06871b333f420097d294d733500a6d,wixie
9355573aea914ede8608ebfb0dafabb1,Casey Wright
b55a464cba2c4513bfa9defeb6e391ba,100techs
c14394d6867042f282c8da639f1816fa,SpacebarCadet
cadc8945ac134109ad8fb490f87642ff,Greg Mattessich
df957f6ea37740abb2b7fad3269ccd95,mia_rose
