Spotify URI,Voter ID,Created,Points Assigned,Comment,Round ID
spotify:track:0xMEF2WiqKWTIG7Krjungw,b55a464cba2c4513bfa9defeb6e391ba,2023-01-15T19:09:12Z,1,Absolute classic. Almost submitted it myself.,7da3345e252046089378d1bcd2c65511
spotify:track:3bg0C4y3BvpaB0TPj5sQlf,b55a464cba2c4513bfa9defeb6e391ba,2023-01-15T19:09:12Z,1,,7da3345e252046089378d1bcd2c65511
spotify:track:6HZ67VImxqr8aMBEEhblzf,b55a464cba2c4513bfa9defeb6e391ba,2023-01-15T19:09:12Z,1,love the funky synth stuff in this song,7da3345e252046089378d1bcd2c65511
spotify:track:73ljrkSg4A0q3ByU0Cu7mw,b55a464cba2c4513bfa9defeb6e391ba,2023-01-15T19:09:12Z,1,almost submitted this myself. actual guilty pleasure of mine.,7da3345e252046089378d1bcd2c65511
spotify:track:3UjH6apk0ogZeIqhHbjrRU,72dc3963c08c4c86bb116294efd691d4,2023-01-15T20:06:05Z,1,,7da3345e252046089378d1bcd2c65511
spotify:track:5RJ2QAllbUtxvBYTUSpnmX,72dc3963c08c4c86bb116294efd691d4,2023-01-15T20:06:05Z,1,,7da3345e252046089378d1bcd2c65511
spotify:track:6HZ67VImxqr8aMBEEhblzf,72dc3963c08c4c86bb116294efd691d4,2023-01-15T20:06:05Z,2,,7da3345e252046089378d1bcd2c65511
spotify:track:0nHLT2MuyVBhNovwlPLL4G,b03d73d1614b44b6a6b988282e5fecde,2023-01-15T20:09:17Z,1,,7da3345e252046089378d1bcd2c65511
spotify:track:1Z5EHlCbQteurPRkOKCBhU,b03d73d1614b44b6a6b988282e5fecde,2023-01-15T20:09:17Z,1,,7da3345e252046089378d1bcd2c65511
spotify:track:3bg0C4y3BvpaB0TPj5sQlf,b03d73d1614b44b6a6b988282e5fecde,2023-01-15T20:09:17Z,1,,7da3345e252046089378d1bcd2c65511
spotify:track:3UjH6apk0ogZeIqhHbjrRU,b03d73d1614b44b6a6b988282e5fecde,2023-01-15T20:09:17Z,1,,7da3345e252046089378d1bcd2c65511
spotify:track:0ph9DIJozeJOEvIev5qVQk,e2da4cbaa7ef4014bf4429ee89f716db,2023-01-15T21:40:17Z,1,,7da3345e252046089378d1bcd2c65511
spotify:track:1WA4AFbFm8q9wepCPmzahj,e2da4cbaa7ef4014bf4429ee89f716db,2023-01-15T21:40:17Z,1,,7da3345e252046089378d1bcd2c65511
spotify:track:3HskxASt9zmephRFo0brHR,e2da4cbaa7ef4014bf4429ee89f716db,2023-01-15T21:40:17Z,1,,7da3345e252046089378d1bcd2c65511
spotify:track:6G51SFDWPbwKo0FcrlHuoS,e2da4cbaa7ef4014bf4429ee89f716db,2023-01-15T21:40:17Z,1,,7da3345e252046089378d1bcd2c65511
spotify:track:0RN9h0ojhQWtAD6O8X7Zzp,087bd3bafb6c46978005ff21842919bd,2023-01-16T04:02:41Z,1,,7da3345e252046089378d1bcd2c65511
spotify:track:0xMEF2WiqKWTIG7Krjungw,087bd3bafb6c46978005ff21842919bd,2023-01-16T04:02:41Z,1,,7da3345e252046089378d1bcd2c65511
spotify:track:3HskxASt9zmephRFo0brHR,087bd3bafb6c46978005ff21842919bd,2023-01-16T04:02:41Z,1,,7da3345e252046089378d1bcd2c65511
spotify:track:5RJ2QAllbUtxvBYTUSpnmX,087bd3bafb6c46978005ff21842919bd,2023-01-16T04:02:41Z,1,,7da3345e252046089378d1bcd2c65511
spotify:track:0RN9h0ojhQWtAD6O8X7Zzp,18ef8246e8134716a1c35c0f7635145a,2023-01-16T04:40:45Z,1,,7da3345e252046089378d1bcd2c65511
spotify:track:1Z5EHlCbQteurPRkOKCBhU,18ef8246e8134716a1c35c0f7635145a,2023-01-16T04:40:45Z,1,,7da3345e252046089378d1bcd2c65511
spotify:track:2xnRe4ajdGpRjWVB0loSHx,18ef8246e8134716a1c35c0f7635145a,2023-01-16T04:40:45Z,1,,7da3345e252046089378d1bcd2c65511
spotify:track:73ljrkSg4A0q3ByU0Cu7mw,18ef8246e8134716a1c35c0f7635145a,2023-01-16T04:40:45Z,1,,7da3345e252046089378d1bcd2c65511
spotify:track:0xMEF2WiqKWTIG7Krjungw,ea65eeeafbf649bb88da72b305ecda61,2023-01-16T13:12:10Z,1,,7da3345e252046089378d1bcd2c65511
spotify:track:3bg0C4y3BvpaB0TPj5sQlf,ea65eeeafbf649bb88da72b305ecda61,2023-01-16T13:12:10Z,1,,7da3345e252046089378d1bcd2c65511
spotify:track:4yWHa0Z8np5DqoWf6ffgMs,ea65eeeafbf649bb88da72b305ecda61,2023-01-16T13:12:10Z,1,,7da3345e252046089378d1bcd2c65511
spotify:track:73ljrkSg4A0q3ByU0Cu7mw,ea65eeeafbf649bb88da72b305ecda61,2023-01-16T13:12:10Z,1,,7da3345e252046089378d1bcd2c65511
spotify:track:0nHLT2MuyVBhNovwlPLL4G,9bb7a6f84baf47d9aaaa374a51b51e0e,2023-01-16T15:12:53Z,1,,7da3345e252046089378d1bcd2c65511
spotify:track:1Z5EHlCbQteurPRkOKCBhU,9bb7a6f84baf47d9aaaa374a51b51e0e,2023-01-16T15:12:53Z,1,,7da3345e252046089378d1bcd2c65511
spotify:track:6hgaghkGygppSwrxMkltdp,9bb7a6f84baf47d9aaaa374a51b51e0e,2023-01-16T15:12:53Z,1,,7da3345e252046089378d1bcd2c65511
spotify:track:6Mxc6Q4TjvGlK5IfBycTGF,9bb7a6f84baf47d9aaaa374a51b51e0e,2023-01-16T15:12:53Z,1,,7da3345e252046089378d1bcd2c65511
spotify:track:0nHLT2MuyVBhNovwlPLL4G,df957f6ea37740abb2b7fad3269ccd95,2023-01-16T16:54:20Z,1,,7da3345e252046089378d1bcd2c65511
spotify:track:3HskxASt9zmephRFo0brHR,df957f6ea37740abb2b7fad3269ccd95,2023-01-16T16:54:20Z,1,,7da3345e252046089378d1bcd2c65511
spotify:track:4yWHa0Z8np5DqoWf6ffgMs,df957f6ea37740abb2b7fad3269ccd95,2023-01-16T16:54:20Z,1,,7da3345e252046089378d1bcd2c65511
spotify:track:6G51SFDWPbwKo0FcrlHuoS,df957f6ea37740abb2b7fad3269ccd95,2023-01-16T16:54:20Z,1,,7da3345e252046089378d1bcd2c65511
spotify:track:0xMEF2WiqKWTIG7Krjungw,a279f32e317f4fefa873b60c91048487,2023-01-16T17:03:50Z,1,I should listen to more CAKE!,7da3345e252046089378d1bcd2c65511
spotify:track:2xnRe4ajdGpRjWVB0loSHx,a279f32e317f4fefa873b60c91048487,2023-01-16T17:03:50Z,0,If I didn't know this song I would vote for him,7da3345e252046089378d1bcd2c65511
spotify:track:3bg0C4y3BvpaB0TPj5sQlf,a279f32e317f4fefa873b60c91048487,2023-01-16T17:03:50Z,1,,7da3345e252046089378d1bcd2c65511
spotify:track:6G51SFDWPbwKo0FcrlHuoS,a279f32e317f4fefa873b60c91048487,2023-01-16T17:03:50Z,1,I somehow didn't already know this taxpayers song which is good bc it means I can vote for it!,7da3345e252046089378d1bcd2c65511
spotify:track:6Mxc6Q4TjvGlK5IfBycTGF,a279f32e317f4fefa873b60c91048487,2023-01-16T17:03:50Z,1,,7da3345e252046089378d1bcd2c65511
spotify:track:0RN9h0ojhQWtAD6O8X7Zzp,6f3b1611dd3e42eaa6194b13f896e714,2023-01-17T01:10:45Z,1,,7da3345e252046089378d1bcd2c65511
spotify:track:0xMEF2WiqKWTIG7Krjungw,6f3b1611dd3e42eaa6194b13f896e714,2023-01-17T01:10:45Z,1,,7da3345e252046089378d1bcd2c65511
spotify:track:2xnRe4ajdGpRjWVB0loSHx,6f3b1611dd3e42eaa6194b13f896e714,2023-01-17T01:10:45Z,1,,7da3345e252046089378d1bcd2c65511
spotify:track:6PVx8IYQJdeLa2AIJnnFrj,6f3b1611dd3e42eaa6194b13f896e714,2023-01-17T01:10:45Z,1,,7da3345e252046089378d1bcd2c65511
spotify:track:0ph9DIJozeJOEvIev5qVQk,e4cd40ede6844e749dc51450e0f4395e,2023-01-17T02:01:13Z,1,,7da3345e252046089378d1bcd2c65511
spotify:track:0xMEF2WiqKWTIG7Krjungw,e4cd40ede6844e749dc51450e0f4395e,2023-01-17T02:01:13Z,1,,7da3345e252046089378d1bcd2c65511
spotify:track:3bg0C4y3BvpaB0TPj5sQlf,e4cd40ede6844e749dc51450e0f4395e,2023-01-17T02:01:13Z,1,,7da3345e252046089378d1bcd2c65511
spotify:track:6Mxc6Q4TjvGlK5IfBycTGF,e4cd40ede6844e749dc51450e0f4395e,2023-01-17T02:01:13Z,1,,7da3345e252046089378d1bcd2c65511
spotify:track:0ph9DIJozeJOEvIev5qVQk,672ebf35a06f48ba9f5a00e8deac2149,2023-01-17T02:15:28Z,1,,7da3345e252046089378d1bcd2c65511
spotify:track:3HskxASt9zmephRFo0brHR,672ebf35a06f48ba9f5a00e8deac2149,2023-01-17T02:15:28Z,1,,7da3345e252046089378d1bcd2c65511
spotify:track:4yWHa0Z8np5DqoWf6ffgMs,672ebf35a06f48ba9f5a00e8deac2149,2023-01-17T02:15:28Z,2,,7da3345e252046089378d1bcd2c65511
spotify:track:1Z5EHlCbQteurPRkOKCBhU,2673715bca7d4e49b8b0c1e1cd5c4cba,2023-01-17T04:19:24Z,1,,7da3345e252046089378d1bcd2c65511
spotify:track:3bg0C4y3BvpaB0TPj5sQlf,2673715bca7d4e49b8b0c1e1cd5c4cba,2023-01-17T04:19:24Z,1,,7da3345e252046089378d1bcd2c65511
spotify:track:3wcwdpiW9Nj6Cif2E1Q1w5,2673715bca7d4e49b8b0c1e1cd5c4cba,2023-01-17T04:19:24Z,1,,7da3345e252046089378d1bcd2c65511
spotify:track:6PVx8IYQJdeLa2AIJnnFrj,2673715bca7d4e49b8b0c1e1cd5c4cba,2023-01-17T04:19:24Z,1,,7da3345e252046089378d1bcd2c65511
spotify:track:0ph9DIJozeJOEvIev5qVQk,30df215972534f33ba3c9ef02ad26f0c,2023-01-17T08:52:05Z,1,,7da3345e252046089378d1bcd2c65511
spotify:track:3HskxASt9zmephRFo0brHR,30df215972534f33ba3c9ef02ad26f0c,2023-01-17T08:52:05Z,1,,7da3345e252046089378d1bcd2c65511
spotify:track:4mfk5JK57ul9TlJiSTjOFI,30df215972534f33ba3c9ef02ad26f0c,2023-01-17T08:52:05Z,1,,7da3345e252046089378d1bcd2c65511
spotify:track:6hgaghkGygppSwrxMkltdp,30df215972534f33ba3c9ef02ad26f0c,2023-01-17T08:52:05Z,1,,7da3345e252046089378d1bcd2c65511
spotify:track:0ph9DIJozeJOEvIev5qVQk,548e2ca1e96e45c6904e24908b898046,2023-01-17T16:22:14Z,1,,7da3345e252046089378d1bcd2c65511
spotify:track:0xMEF2WiqKWTIG7Krjungw,548e2ca1e96e45c6904e24908b898046,2023-01-17T16:22:14Z,1,,7da3345e252046089378d1bcd2c65511
spotify:track:4yWHa0Z8np5DqoWf6ffgMs,548e2ca1e96e45c6904e24908b898046,2023-01-17T16:22:14Z,1,,7da3345e252046089378d1bcd2c65511
spotify:track:5RJ2QAllbUtxvBYTUSpnmX,548e2ca1e96e45c6904e24908b898046,2023-01-17T16:22:14Z,1,,7da3345e252046089378d1bcd2c65511
spotify:track:1WA4AFbFm8q9wepCPmzahj,acb3beb7eea8419aa5eb0f86f6c70e9c,2023-01-17T16:36:47Z,1,,7da3345e252046089378d1bcd2c65511
spotify:track:1Z5EHlCbQteurPRkOKCBhU,acb3beb7eea8419aa5eb0f86f6c70e9c,2023-01-17T16:36:47Z,1,,7da3345e252046089378d1bcd2c65511
spotify:track:6hgaghkGygppSwrxMkltdp,acb3beb7eea8419aa5eb0f86f6c70e9c,2023-01-17T16:36:47Z,1,,7da3345e252046089378d1bcd2c65511
spotify:track:6HZ67VImxqr8aMBEEhblzf,acb3beb7eea8419aa5eb0f86f6c70e9c,2023-01-17T16:36:47Z,1,"again: i usually do not like voting for songs i already know, but this one is too good not to!!",7da3345e252046089378d1bcd2c65511
spotify:track:1WA4AFbFm8q9wepCPmzahj,f3d015ff364f4f34aec6c51ff8f8dcfd,2023-01-17T16:38:43Z,1,,7da3345e252046089378d1bcd2c65511
spotify:track:2xnRe4ajdGpRjWVB0loSHx,f3d015ff364f4f34aec6c51ff8f8dcfd,2023-01-17T16:38:43Z,1,,7da3345e252046089378d1bcd2c65511
spotify:track:6HZ67VImxqr8aMBEEhblzf,f3d015ff364f4f34aec6c51ff8f8dcfd,2023-01-17T16:38:43Z,1,,7da3345e252046089378d1bcd2c65511
spotify:track:7HK4RUHg3xmihjjjkO1Pse,f3d015ff364f4f34aec6c51ff8f8dcfd,2023-01-17T16:38:43Z,1,,7da3345e252046089378d1bcd2c65511
spotify:track:0ph9DIJozeJOEvIev5qVQk,d3d51805b25740b198a8871732fe5910,2023-01-18T03:18:48Z,1,,7da3345e252046089378d1bcd2c65511
spotify:track:0xMEF2WiqKWTIG7Krjungw,d3d51805b25740b198a8871732fe5910,2023-01-18T03:18:48Z,1,,7da3345e252046089378d1bcd2c65511
spotify:track:3HskxASt9zmephRFo0brHR,d3d51805b25740b198a8871732fe5910,2023-01-18T03:18:48Z,1,,7da3345e252046089378d1bcd2c65511
spotify:track:4fL4uN5UgeldsKQFFDmqGB,d3d51805b25740b198a8871732fe5910,2023-01-18T03:18:48Z,1,,7da3345e252046089378d1bcd2c65511
spotify:track:6G51SFDWPbwKo0FcrlHuoS,d3d51805b25740b198a8871732fe5910,2023-01-18T03:18:48Z,1,,7da3345e252046089378d1bcd2c65511
spotify:track:6HZ67VImxqr8aMBEEhblzf,d3d51805b25740b198a8871732fe5910,2023-01-18T03:18:48Z,1,,7da3345e252046089378d1bcd2c65511
spotify:track:1Z5EHlCbQteurPRkOKCBhU,1bc86110e6c1492f87d243410ce2644f,2023-01-18T09:01:54Z,1,,7da3345e252046089378d1bcd2c65511
spotify:track:3bg0C4y3BvpaB0TPj5sQlf,1bc86110e6c1492f87d243410ce2644f,2023-01-18T09:01:54Z,1,,7da3345e252046089378d1bcd2c65511
spotify:track:4mfk5JK57ul9TlJiSTjOFI,1bc86110e6c1492f87d243410ce2644f,2023-01-18T09:01:54Z,1,,7da3345e252046089378d1bcd2c65511
spotify:track:6hgaghkGygppSwrxMkltdp,1bc86110e6c1492f87d243410ce2644f,2023-01-18T09:01:54Z,2,"First time I've given more than one vote, this song deserved it",7da3345e252046089378d1bcd2c65511
spotify:track:6PVx8IYQJdeLa2AIJnnFrj,1bc86110e6c1492f87d243410ce2644f,2023-01-18T09:01:54Z,1,,7da3345e252046089378d1bcd2c65511
spotify:track:1Z5EHlCbQteurPRkOKCBhU,dabfe0d311ff4e03a85f9d1056769bdb,2023-01-20T16:20:27Z,1,,7da3345e252046089378d1bcd2c65511
spotify:track:3bg0C4y3BvpaB0TPj5sQlf,dabfe0d311ff4e03a85f9d1056769bdb,2023-01-20T16:20:27Z,1,,7da3345e252046089378d1bcd2c65511
spotify:track:3UjH6apk0ogZeIqhHbjrRU,dabfe0d311ff4e03a85f9d1056769bdb,2023-01-20T16:20:27Z,1,,7da3345e252046089378d1bcd2c65511
spotify:track:4fL4uN5UgeldsKQFFDmqGB,dabfe0d311ff4e03a85f9d1056769bdb,2023-01-20T16:20:27Z,1,,7da3345e252046089378d1bcd2c65511
spotify:track:4yWHa0Z8np5DqoWf6ffgMs,dabfe0d311ff4e03a85f9d1056769bdb,2023-01-20T16:20:27Z,1,,7da3345e252046089378d1bcd2c65511
spotify:track:6HZ67VImxqr8aMBEEhblzf,dabfe0d311ff4e03a85f9d1056769bdb,2023-01-20T16:20:27Z,1,,7da3345e252046089378d1bcd2c65511
spotify:track:0nHLT2MuyVBhNovwlPLL4G,b643a86e41b543948d0ac55c17cbbc79,2023-01-20T19:19:06Z,1,,7da3345e252046089378d1bcd2c65511
spotify:track:3HskxASt9zmephRFo0brHR,b643a86e41b543948d0ac55c17cbbc79,2023-01-20T19:19:06Z,1,,7da3345e252046089378d1bcd2c65511
spotify:track:4yWHa0Z8np5DqoWf6ffgMs,b643a86e41b543948d0ac55c17cbbc79,2023-01-20T19:19:06Z,2,,7da3345e252046089378d1bcd2c65511
spotify:track:6G51SFDWPbwKo0FcrlHuoS,b643a86e41b543948d0ac55c17cbbc79,2023-01-20T19:19:06Z,2,,7da3345e252046089378d1bcd2c65511
spotify:track:1Z5EHlCbQteurPRkOKCBhU,77d8276c3aa54dbfb8507251fd889746,2023-01-20T20:06:57Z,1,I have actually been recently getting into Ezra Furman!,7da3345e252046089378d1bcd2c65511
spotify:track:3HskxASt9zmephRFo0brHR,77d8276c3aa54dbfb8507251fd889746,2023-01-20T20:06:57Z,1,,7da3345e252046089378d1bcd2c65511
spotify:track:4fL4uN5UgeldsKQFFDmqGB,77d8276c3aa54dbfb8507251fd889746,2023-01-20T20:06:57Z,1,,7da3345e252046089378d1bcd2c65511
spotify:track:4mfk5JK57ul9TlJiSTjOFI,77d8276c3aa54dbfb8507251fd889746,2023-01-20T20:06:57Z,1,I think one of my friends said the Magnetic Fields was the most depressed music they ever listened to.,7da3345e252046089378d1bcd2c65511
spotify:track:4yWHa0Z8np5DqoWf6ffgMs,77d8276c3aa54dbfb8507251fd889746,2023-01-20T20:06:57Z,1,,7da3345e252046089378d1bcd2c65511
spotify:track:5RJ2QAllbUtxvBYTUSpnmX,77d8276c3aa54dbfb8507251fd889746,2023-01-20T20:06:57Z,1,I actually haven't heard any other Harvey Danger songs other than Flagpole Sitta. I have failed you.,7da3345e252046089378d1bcd2c65511
spotify:track:5fu9WzCJm7cKoU0zUrCfi3,f3d015ff364f4f34aec6c51ff8f8dcfd,2023-01-23T20:36:02Z,1,,5b474dacca3e438997343762b18a8032
spotify:track:1mVTQSGoFchL3VVrIa0MeH,f3d015ff364f4f34aec6c51ff8f8dcfd,2023-01-23T20:36:02Z,1,,5b474dacca3e438997343762b18a8032
spotify:track:1NHd4UVxT5d5EGYzlDq17T,f3d015ff364f4f34aec6c51ff8f8dcfd,2023-01-23T20:36:02Z,1,,5b474dacca3e438997343762b18a8032
spotify:track:3lw2cfxvcMR0hKBlJkV0xr,f3d015ff364f4f34aec6c51ff8f8dcfd,2023-01-23T20:36:02Z,0,guitar üòî,5b474dacca3e438997343762b18a8032
spotify:track:27ypiK0eAE5uOnI74VLrhl,f3d015ff364f4f34aec6c51ff8f8dcfd,2023-01-23T20:36:02Z,0,guitar üòî,5b474dacca3e438997343762b18a8032
spotify:track:39FSHZBHrLTF0eINDw2uF9,f3d015ff364f4f34aec6c51ff8f8dcfd,2023-01-23T20:36:02Z,1,,5b474dacca3e438997343762b18a8032
spotify:track:6Zf1lF3uGZDhEp7DhbkDMh,f3d015ff364f4f34aec6c51ff8f8dcfd,2023-01-23T20:36:02Z,1,,5b474dacca3e438997343762b18a8032
spotify:track:70C4NyhjD5OZUMzvWZ3njJ,f3d015ff364f4f34aec6c51ff8f8dcfd,2023-01-23T20:36:02Z,0,I can't stand this song sorry,5b474dacca3e438997343762b18a8032
spotify:track:7CH99b2i1TXS5P8UUyWtnM,f3d015ff364f4f34aec6c51ff8f8dcfd,2023-01-23T20:36:02Z,1,,5b474dacca3e438997343762b18a8032
spotify:track:7yD1uhq8xqCSdHLSkQ6sYL,e2da4cbaa7ef4014bf4429ee89f716db,2023-01-23T20:41:05Z,1,,5b474dacca3e438997343762b18a8032
spotify:track:53LYgFHzzPojtlRpuOHUEO,e2da4cbaa7ef4014bf4429ee89f716db,2023-01-23T20:41:05Z,1,,5b474dacca3e438997343762b18a8032
spotify:track:57gfWnvoMmnXBdghubxWrg,e2da4cbaa7ef4014bf4429ee89f716db,2023-01-23T20:41:05Z,1,,5b474dacca3e438997343762b18a8032
spotify:track:7CH99b2i1TXS5P8UUyWtnM,e2da4cbaa7ef4014bf4429ee89f716db,2023-01-23T20:41:05Z,1,,5b474dacca3e438997343762b18a8032
spotify:track:7jSeB8zUDE4UYkowml3h4s,e2da4cbaa7ef4014bf4429ee89f716db,2023-01-23T20:41:05Z,1,,5b474dacca3e438997343762b18a8032
spotify:track:7z53EPrmLWYYiUEJnGZYZq,e2da4cbaa7ef4014bf4429ee89f716db,2023-01-23T20:41:05Z,1,GO MARKY üï∫üèΩüö®üï∫üèΩüö®üï∫üèΩ,5b474dacca3e438997343762b18a8032
spotify:track:39FSHZBHrLTF0eINDw2uF9,b03d73d1614b44b6a6b988282e5fecde,2023-01-23T20:59:26Z,1,,5b474dacca3e438997343762b18a8032
spotify:track:57gfWnvoMmnXBdghubxWrg,b03d73d1614b44b6a6b988282e5fecde,2023-01-23T20:59:26Z,1,,5b474dacca3e438997343762b18a8032
spotify:track:6YYn6x3KDzs0bEOZhVrW9z,b03d73d1614b44b6a6b988282e5fecde,2023-01-23T20:59:26Z,1,,5b474dacca3e438997343762b18a8032
spotify:track:7jSeB8zUDE4UYkowml3h4s,b03d73d1614b44b6a6b988282e5fecde,2023-01-23T20:59:26Z,1,,5b474dacca3e438997343762b18a8032
spotify:track:7mMlbJlXXo2mRtQ4R9sIzD,b03d73d1614b44b6a6b988282e5fecde,2023-01-23T20:59:26Z,1,,5b474dacca3e438997343762b18a8032
spotify:track:7yD1uhq8xqCSdHLSkQ6sYL,b03d73d1614b44b6a6b988282e5fecde,2023-01-23T20:59:26Z,1,,5b474dacca3e438997343762b18a8032
spotify:track:1mVTQSGoFchL3VVrIa0MeH,acb3beb7eea8419aa5eb0f86f6c70e9c,2023-01-23T21:05:48Z,2,,5b474dacca3e438997343762b18a8032
spotify:track:7mMlbJlXXo2mRtQ4R9sIzD,acb3beb7eea8419aa5eb0f86f6c70e9c,2023-01-23T21:05:48Z,0,i was enjoying this so much before i realized it was THAT song... ,5b474dacca3e438997343762b18a8032
spotify:track:7CvMd4fqYG83m7Jmw6LG4E,acb3beb7eea8419aa5eb0f86f6c70e9c,2023-01-23T21:05:48Z,2,,5b474dacca3e438997343762b18a8032
spotify:track:6YYn6x3KDzs0bEOZhVrW9z,acb3beb7eea8419aa5eb0f86f6c70e9c,2023-01-23T21:05:48Z,1,,5b474dacca3e438997343762b18a8032
spotify:track:3lw2cfxvcMR0hKBlJkV0xr,acb3beb7eea8419aa5eb0f86f6c70e9c,2023-01-23T21:05:48Z,0,was gonna vote for this but it's got guitar at the end :'(,5b474dacca3e438997343762b18a8032
spotify:track:1NHd4UVxT5d5EGYzlDq17T,acb3beb7eea8419aa5eb0f86f6c70e9c,2023-01-23T21:05:48Z,1,,5b474dacca3e438997343762b18a8032
spotify:track:57gfWnvoMmnXBdghubxWrg,9bb7a6f84baf47d9aaaa374a51b51e0e,2023-01-23T21:18:49Z,1,,5b474dacca3e438997343762b18a8032
spotify:track:0y2D8swrkq32OhKXtztsYx,9bb7a6f84baf47d9aaaa374a51b51e0e,2023-01-23T21:18:49Z,1,,5b474dacca3e438997343762b18a8032
spotify:track:2vcv0Aagjdd3mxkYDSqWXq,9bb7a6f84baf47d9aaaa374a51b51e0e,2023-01-23T21:18:49Z,1,,5b474dacca3e438997343762b18a8032
spotify:track:53LYgFHzzPojtlRpuOHUEO,9bb7a6f84baf47d9aaaa374a51b51e0e,2023-01-23T21:18:49Z,1,,5b474dacca3e438997343762b18a8032
spotify:track:6YYn6x3KDzs0bEOZhVrW9z,9bb7a6f84baf47d9aaaa374a51b51e0e,2023-01-23T21:18:49Z,1,,5b474dacca3e438997343762b18a8032
spotify:track:7mMlbJlXXo2mRtQ4R9sIzD,9bb7a6f84baf47d9aaaa374a51b51e0e,2023-01-23T21:18:49Z,1,,5b474dacca3e438997343762b18a8032
spotify:track:1NHd4UVxT5d5EGYzlDq17T,b643a86e41b543948d0ac55c17cbbc79,2023-01-23T22:52:41Z,1,This made me want to take a walk I love the energy ,5b474dacca3e438997343762b18a8032
spotify:track:3R73Y7X53MIQZWnKloWq5i,b643a86e41b543948d0ac55c17cbbc79,2023-01-23T22:52:41Z,1,Anything that mentions BART will always get a point this is a law in my house,5b474dacca3e438997343762b18a8032
spotify:track:57gfWnvoMmnXBdghubxWrg,b643a86e41b543948d0ac55c17cbbc79,2023-01-23T22:52:41Z,2,I loved this instant fav,5b474dacca3e438997343762b18a8032
spotify:track:6Zf1lF3uGZDhEp7DhbkDMh,b643a86e41b543948d0ac55c17cbbc79,2023-01-23T22:52:41Z,0,I also loved this sorry for no point it got a point in my heart ,5b474dacca3e438997343762b18a8032
spotify:track:7CH99b2i1TXS5P8UUyWtnM,b643a86e41b543948d0ac55c17cbbc79,2023-01-23T22:52:41Z,1,Thanks for forcing me to listen past the 30 second tiktok sound this is fantastic ,5b474dacca3e438997343762b18a8032
spotify:track:7z53EPrmLWYYiUEJnGZYZq,b643a86e41b543948d0ac55c17cbbc79,2023-01-23T22:52:41Z,1,This made me smile so it gets a point! ,5b474dacca3e438997343762b18a8032
spotify:track:39FSHZBHrLTF0eINDw2uF9,087bd3bafb6c46978005ff21842919bd,2023-01-23T23:44:24Z,1,,5b474dacca3e438997343762b18a8032
spotify:track:4jtcCyzxKc3t3kvErYpBxV,087bd3bafb6c46978005ff21842919bd,2023-01-23T23:44:24Z,1,,5b474dacca3e438997343762b18a8032
spotify:track:53LYgFHzzPojtlRpuOHUEO,087bd3bafb6c46978005ff21842919bd,2023-01-23T23:44:24Z,1,,5b474dacca3e438997343762b18a8032
spotify:track:6YYn6x3KDzs0bEOZhVrW9z,087bd3bafb6c46978005ff21842919bd,2023-01-23T23:44:24Z,1,,5b474dacca3e438997343762b18a8032
spotify:track:7jSeB8zUDE4UYkowml3h4s,087bd3bafb6c46978005ff21842919bd,2023-01-23T23:44:24Z,1,,5b474dacca3e438997343762b18a8032
spotify:track:7z53EPrmLWYYiUEJnGZYZq,087bd3bafb6c46978005ff21842919bd,2023-01-23T23:44:24Z,1,,5b474dacca3e438997343762b18a8032
spotify:track:2WEyJPJT5yYf0ND1tYjGqN,ea65eeeafbf649bb88da72b305ecda61,2023-01-24T02:43:02Z,1,,5b474dacca3e438997343762b18a8032
spotify:track:3R73Y7X53MIQZWnKloWq5i,ea65eeeafbf649bb88da72b305ecda61,2023-01-24T02:43:02Z,1,,5b474dacca3e438997343762b18a8032
spotify:track:6Zf1lF3uGZDhEp7DhbkDMh,ea65eeeafbf649bb88da72b305ecda61,2023-01-24T02:43:02Z,1,,5b474dacca3e438997343762b18a8032
spotify:track:70C4NyhjD5OZUMzvWZ3njJ,ea65eeeafbf649bb88da72b305ecda61,2023-01-24T02:43:02Z,1,,5b474dacca3e438997343762b18a8032
spotify:track:7CH99b2i1TXS5P8UUyWtnM,ea65eeeafbf649bb88da72b305ecda61,2023-01-24T02:43:02Z,1,,5b474dacca3e438997343762b18a8032
spotify:track:7mMlbJlXXo2mRtQ4R9sIzD,ea65eeeafbf649bb88da72b305ecda61,2023-01-24T02:43:02Z,1,,5b474dacca3e438997343762b18a8032
spotify:track:39FSHZBHrLTF0eINDw2uF9,6f3b1611dd3e42eaa6194b13f896e714,2023-01-24T03:47:17Z,1,,5b474dacca3e438997343762b18a8032
spotify:track:4jtcCyzxKc3t3kvErYpBxV,6f3b1611dd3e42eaa6194b13f896e714,2023-01-24T03:47:17Z,1,,5b474dacca3e438997343762b18a8032
spotify:track:6YYn6x3KDzs0bEOZhVrW9z,6f3b1611dd3e42eaa6194b13f896e714,2023-01-24T03:47:17Z,1,,5b474dacca3e438997343762b18a8032
spotify:track:7CH99b2i1TXS5P8UUyWtnM,6f3b1611dd3e42eaa6194b13f896e714,2023-01-24T03:47:17Z,1,,5b474dacca3e438997343762b18a8032
spotify:track:7yD1uhq8xqCSdHLSkQ6sYL,6f3b1611dd3e42eaa6194b13f896e714,2023-01-24T03:47:17Z,1,,5b474dacca3e438997343762b18a8032
spotify:track:7z53EPrmLWYYiUEJnGZYZq,6f3b1611dd3e42eaa6194b13f896e714,2023-01-24T03:47:17Z,1,,5b474dacca3e438997343762b18a8032
spotify:track:2vcv0Aagjdd3mxkYDSqWXq,4d7b06fb7e1b426884f7df6a779fc8cf,2023-01-24T05:44:39Z,1,,5b474dacca3e438997343762b18a8032
spotify:track:39FSHZBHrLTF0eINDw2uF9,4d7b06fb7e1b426884f7df6a779fc8cf,2023-01-24T05:44:39Z,1,,5b474dacca3e438997343762b18a8032
spotify:track:6Zf1lF3uGZDhEp7DhbkDMh,4d7b06fb7e1b426884f7df6a779fc8cf,2023-01-24T05:44:39Z,3,i love this so much,5b474dacca3e438997343762b18a8032
spotify:track:7yD1uhq8xqCSdHLSkQ6sYL,4d7b06fb7e1b426884f7df6a779fc8cf,2023-01-24T05:44:39Z,1,,5b474dacca3e438997343762b18a8032
spotify:track:39FSHZBHrLTF0eINDw2uF9,18ef8246e8134716a1c35c0f7635145a,2023-01-24T12:51:57Z,2,,5b474dacca3e438997343762b18a8032
spotify:track:53LYgFHzzPojtlRpuOHUEO,18ef8246e8134716a1c35c0f7635145a,2023-01-24T12:51:57Z,2,,5b474dacca3e438997343762b18a8032
spotify:track:6YYn6x3KDzs0bEOZhVrW9z,18ef8246e8134716a1c35c0f7635145a,2023-01-24T12:51:57Z,1,,5b474dacca3e438997343762b18a8032
spotify:track:7yD1uhq8xqCSdHLSkQ6sYL,18ef8246e8134716a1c35c0f7635145a,2023-01-24T12:51:57Z,1,,5b474dacca3e438997343762b18a8032
spotify:track:7CvMd4fqYG83m7Jmw6LG4E,df957f6ea37740abb2b7fad3269ccd95,2023-01-24T15:53:38Z,1,"Had a big cry to this, so beautiful",5b474dacca3e438997343762b18a8032
spotify:track:0y2D8swrkq32OhKXtztsYx,df957f6ea37740abb2b7fad3269ccd95,2023-01-24T15:53:38Z,1,This slaps,5b474dacca3e438997343762b18a8032
spotify:track:1kuSXR7D6H02EsHcK4ULFD,df957f6ea37740abb2b7fad3269ccd95,2023-01-24T15:53:38Z,1,,5b474dacca3e438997343762b18a8032
spotify:track:53LYgFHzzPojtlRpuOHUEO,df957f6ea37740abb2b7fad3269ccd95,2023-01-24T15:53:38Z,1,"Made me cry, those lyrics... oof",5b474dacca3e438997343762b18a8032
spotify:track:57gfWnvoMmnXBdghubxWrg,df957f6ea37740abb2b7fad3269ccd95,2023-01-24T15:53:38Z,1,LOVE,5b474dacca3e438997343762b18a8032
spotify:track:7z53EPrmLWYYiUEJnGZYZq,df957f6ea37740abb2b7fad3269ccd95,2023-01-24T15:53:38Z,1,,5b474dacca3e438997343762b18a8032
spotify:track:0y2D8swrkq32OhKXtztsYx,72dc3963c08c4c86bb116294efd691d4,2023-01-24T19:54:50Z,1,,5b474dacca3e438997343762b18a8032
spotify:track:1kuSXR7D6H02EsHcK4ULFD,72dc3963c08c4c86bb116294efd691d4,2023-01-24T19:54:50Z,1,,5b474dacca3e438997343762b18a8032
spotify:track:2WEyJPJT5yYf0ND1tYjGqN,72dc3963c08c4c86bb116294efd691d4,2023-01-24T19:54:50Z,1,,5b474dacca3e438997343762b18a8032
spotify:track:53LYgFHzzPojtlRpuOHUEO,72dc3963c08c4c86bb116294efd691d4,2023-01-24T19:54:50Z,1,,5b474dacca3e438997343762b18a8032
spotify:track:7CH99b2i1TXS5P8UUyWtnM,72dc3963c08c4c86bb116294efd691d4,2023-01-24T19:54:50Z,1,,5b474dacca3e438997343762b18a8032
spotify:track:7yD1uhq8xqCSdHLSkQ6sYL,72dc3963c08c4c86bb116294efd691d4,2023-01-24T19:54:50Z,1,,5b474dacca3e438997343762b18a8032
spotify:track:1mVTQSGoFchL3VVrIa0MeH,e4cd40ede6844e749dc51450e0f4395e,2023-01-25T04:13:51Z,1,,5b474dacca3e438997343762b18a8032
spotify:track:53LYgFHzzPojtlRpuOHUEO,e4cd40ede6844e749dc51450e0f4395e,2023-01-25T04:13:51Z,1,,5b474dacca3e438997343762b18a8032
spotify:track:57gfWnvoMmnXBdghubxWrg,e4cd40ede6844e749dc51450e0f4395e,2023-01-25T04:13:51Z,1,,5b474dacca3e438997343762b18a8032
spotify:track:6Zf1lF3uGZDhEp7DhbkDMh,e4cd40ede6844e749dc51450e0f4395e,2023-01-25T04:13:51Z,1,,5b474dacca3e438997343762b18a8032
spotify:track:7z53EPrmLWYYiUEJnGZYZq,e4cd40ede6844e749dc51450e0f4395e,2023-01-25T04:13:51Z,2,,5b474dacca3e438997343762b18a8032
spotify:track:53LYgFHzzPojtlRpuOHUEO,2673715bca7d4e49b8b0c1e1cd5c4cba,2023-01-25T06:35:54Z,1,,5b474dacca3e438997343762b18a8032
spotify:track:57gfWnvoMmnXBdghubxWrg,2673715bca7d4e49b8b0c1e1cd5c4cba,2023-01-25T06:35:54Z,1,,5b474dacca3e438997343762b18a8032
spotify:track:5fu9WzCJm7cKoU0zUrCfi3,2673715bca7d4e49b8b0c1e1cd5c4cba,2023-01-25T06:35:54Z,1,,5b474dacca3e438997343762b18a8032
spotify:track:7CH99b2i1TXS5P8UUyWtnM,2673715bca7d4e49b8b0c1e1cd5c4cba,2023-01-25T06:35:54Z,1,,5b474dacca3e438997343762b18a8032
spotify:track:7yD1uhq8xqCSdHLSkQ6sYL,2673715bca7d4e49b8b0c1e1cd5c4cba,2023-01-25T06:35:54Z,1,,5b474dacca3e438997343762b18a8032
spotify:track:7z53EPrmLWYYiUEJnGZYZq,2673715bca7d4e49b8b0c1e1cd5c4cba,2023-01-25T06:35:54Z,1,,5b474dacca3e438997343762b18a8032
spotify:track:1NHd4UVxT5d5EGYzlDq17T,d3d51805b25740b198a8871732fe5910,2023-01-25T07:10:56Z,1,,5b474dacca3e438997343762b18a8032
spotify:track:39FSHZBHrLTF0eINDw2uF9,d3d51805b25740b198a8871732fe5910,2023-01-25T07:10:56Z,1,,5b474dacca3e438997343762b18a8032
spotify:track:57gfWnvoMmnXBdghubxWrg,d3d51805b25740b198a8871732fe5910,2023-01-25T07:10:56Z,1,,5b474dacca3e438997343762b18a8032
spotify:track:7CH99b2i1TXS5P8UUyWtnM,d3d51805b25740b198a8871732fe5910,2023-01-25T07:10:56Z,1,,5b474dacca3e438997343762b18a8032
spotify:track:7mMlbJlXXo2mRtQ4R9sIzD,d3d51805b25740b198a8871732fe5910,2023-01-25T07:10:56Z,1,I chortled too hard to not vote for it,5b474dacca3e438997343762b18a8032
spotify:track:7z53EPrmLWYYiUEJnGZYZq,d3d51805b25740b198a8871732fe5910,2023-01-25T07:10:56Z,1,,5b474dacca3e438997343762b18a8032
spotify:track:0y2D8swrkq32OhKXtztsYx,1bc86110e6c1492f87d243410ce2644f,2023-01-25T11:56:41Z,1,,5b474dacca3e438997343762b18a8032
spotify:track:53LYgFHzzPojtlRpuOHUEO,1bc86110e6c1492f87d243410ce2644f,2023-01-25T11:56:41Z,1,,5b474dacca3e438997343762b18a8032
spotify:track:57gfWnvoMmnXBdghubxWrg,1bc86110e6c1492f87d243410ce2644f,2023-01-25T11:56:41Z,1,,5b474dacca3e438997343762b18a8032
spotify:track:6YYn6x3KDzs0bEOZhVrW9z,1bc86110e6c1492f87d243410ce2644f,2023-01-25T11:56:41Z,1,,5b474dacca3e438997343762b18a8032
spotify:track:6Zf1lF3uGZDhEp7DhbkDMh,1bc86110e6c1492f87d243410ce2644f,2023-01-25T11:56:41Z,1,,5b474dacca3e438997343762b18a8032
spotify:track:7jSeB8zUDE4UYkowml3h4s,1bc86110e6c1492f87d243410ce2644f,2023-01-25T11:56:41Z,1,,5b474dacca3e438997343762b18a8032
spotify:track:0y2D8swrkq32OhKXtztsYx,30df215972534f33ba3c9ef02ad26f0c,2023-01-25T14:22:57Z,1,,5b474dacca3e438997343762b18a8032
spotify:track:1mVTQSGoFchL3VVrIa0MeH,30df215972534f33ba3c9ef02ad26f0c,2023-01-25T14:22:57Z,1,,5b474dacca3e438997343762b18a8032
spotify:track:2vcv0Aagjdd3mxkYDSqWXq,30df215972534f33ba3c9ef02ad26f0c,2023-01-25T14:22:57Z,1,,5b474dacca3e438997343762b18a8032
spotify:track:39FSHZBHrLTF0eINDw2uF9,30df215972534f33ba3c9ef02ad26f0c,2023-01-25T14:22:57Z,1,,5b474dacca3e438997343762b18a8032
spotify:track:4jtcCyzxKc3t3kvErYpBxV,30df215972534f33ba3c9ef02ad26f0c,2023-01-25T14:22:57Z,1,,5b474dacca3e438997343762b18a8032
spotify:track:57gfWnvoMmnXBdghubxWrg,30df215972534f33ba3c9ef02ad26f0c,2023-01-25T14:22:57Z,1,,5b474dacca3e438997343762b18a8032
spotify:track:1mVTQSGoFchL3VVrIa0MeH,dabfe0d311ff4e03a85f9d1056769bdb,2023-01-25T17:14:31Z,1,,5b474dacca3e438997343762b18a8032
spotify:track:1NHd4UVxT5d5EGYzlDq17T,dabfe0d311ff4e03a85f9d1056769bdb,2023-01-25T17:14:31Z,1,,5b474dacca3e438997343762b18a8032
spotify:track:53LYgFHzzPojtlRpuOHUEO,dabfe0d311ff4e03a85f9d1056769bdb,2023-01-25T17:14:31Z,1,,5b474dacca3e438997343762b18a8032
spotify:track:7CvMd4fqYG83m7Jmw6LG4E,dabfe0d311ff4e03a85f9d1056769bdb,2023-01-25T17:14:31Z,1,,5b474dacca3e438997343762b18a8032
spotify:track:7mMlbJlXXo2mRtQ4R9sIzD,dabfe0d311ff4e03a85f9d1056769bdb,2023-01-25T17:14:31Z,1,,5b474dacca3e438997343762b18a8032
spotify:track:7z53EPrmLWYYiUEJnGZYZq,dabfe0d311ff4e03a85f9d1056769bdb,2023-01-25T17:14:31Z,1,,5b474dacca3e438997343762b18a8032
spotify:track:0y2D8swrkq32OhKXtztsYx,77d8276c3aa54dbfb8507251fd889746,2023-01-25T19:27:47Z,1,,5b474dacca3e438997343762b18a8032
spotify:track:1NHd4UVxT5d5EGYzlDq17T,77d8276c3aa54dbfb8507251fd889746,2023-01-25T19:27:47Z,1,,5b474dacca3e438997343762b18a8032
spotify:track:6YYn6x3KDzs0bEOZhVrW9z,77d8276c3aa54dbfb8507251fd889746,2023-01-25T19:27:47Z,1,Big space sounds. Big fan.,5b474dacca3e438997343762b18a8032
spotify:track:6Zf1lF3uGZDhEp7DhbkDMh,77d8276c3aa54dbfb8507251fd889746,2023-01-25T19:27:47Z,1,This rips.,5b474dacca3e438997343762b18a8032
spotify:track:7CH99b2i1TXS5P8UUyWtnM,77d8276c3aa54dbfb8507251fd889746,2023-01-25T19:27:47Z,1,,5b474dacca3e438997343762b18a8032
spotify:track:7z53EPrmLWYYiUEJnGZYZq,77d8276c3aa54dbfb8507251fd889746,2023-01-25T19:27:47Z,1,Ough I love vocals like this.,5b474dacca3e438997343762b18a8032
spotify:track:39FSHZBHrLTF0eINDw2uF9,08ac136f62c346428ab15a23a4dae3c1,2023-01-27T00:38:52Z,1,,5b474dacca3e438997343762b18a8032
spotify:track:53LYgFHzzPojtlRpuOHUEO,08ac136f62c346428ab15a23a4dae3c1,2023-01-27T00:38:52Z,2,,5b474dacca3e438997343762b18a8032
spotify:track:70C4NyhjD5OZUMzvWZ3njJ,08ac136f62c346428ab15a23a4dae3c1,2023-01-27T00:38:52Z,1,,5b474dacca3e438997343762b18a8032
spotify:track:7CH99b2i1TXS5P8UUyWtnM,08ac136f62c346428ab15a23a4dae3c1,2023-01-27T00:38:52Z,1,,5b474dacca3e438997343762b18a8032
spotify:track:7z53EPrmLWYYiUEJnGZYZq,08ac136f62c346428ab15a23a4dae3c1,2023-01-27T00:38:52Z,1,,5b474dacca3e438997343762b18a8032
spotify:track:1mVTQSGoFchL3VVrIa0MeH,a279f32e317f4fefa873b60c91048487,2023-01-28T04:46:51Z,1,,5b474dacca3e438997343762b18a8032
spotify:track:2vcv0Aagjdd3mxkYDSqWXq,a279f32e317f4fefa873b60c91048487,2023-01-28T04:46:51Z,1,,5b474dacca3e438997343762b18a8032
spotify:track:57gfWnvoMmnXBdghubxWrg,a279f32e317f4fefa873b60c91048487,2023-01-28T04:46:51Z,1,,5b474dacca3e438997343762b18a8032
spotify:track:6Zf1lF3uGZDhEp7DhbkDMh,a279f32e317f4fefa873b60c91048487,2023-01-28T04:46:51Z,1,,5b474dacca3e438997343762b18a8032
spotify:track:7CvMd4fqYG83m7Jmw6LG4E,a279f32e317f4fefa873b60c91048487,2023-01-28T04:46:51Z,2,I don't usually listen to stuff like this but I really loved this,5b474dacca3e438997343762b18a8032
spotify:track:3R73Y7X53MIQZWnKloWq5i,672ebf35a06f48ba9f5a00e8deac2149,2023-01-28T11:32:29Z,1,,5b474dacca3e438997343762b18a8032
spotify:track:53LYgFHzzPojtlRpuOHUEO,672ebf35a06f48ba9f5a00e8deac2149,2023-01-28T11:32:29Z,1,,5b474dacca3e438997343762b18a8032
spotify:track:7CH99b2i1TXS5P8UUyWtnM,672ebf35a06f48ba9f5a00e8deac2149,2023-01-28T11:32:29Z,1,,5b474dacca3e438997343762b18a8032
spotify:track:7jSeB8zUDE4UYkowml3h4s,672ebf35a06f48ba9f5a00e8deac2149,2023-01-28T11:32:29Z,1,,5b474dacca3e438997343762b18a8032
spotify:track:7mMlbJlXXo2mRtQ4R9sIzD,672ebf35a06f48ba9f5a00e8deac2149,2023-01-28T11:32:29Z,1,,5b474dacca3e438997343762b18a8032
spotify:track:7z53EPrmLWYYiUEJnGZYZq,672ebf35a06f48ba9f5a00e8deac2149,2023-01-28T11:32:29Z,1,,5b474dacca3e438997343762b18a8032
spotify:track:1kuSXR7D6H02EsHcK4ULFD,548e2ca1e96e45c6904e24908b898046,2023-01-28T17:31:57Z,2,,5b474dacca3e438997343762b18a8032
spotify:track:39FSHZBHrLTF0eINDw2uF9,548e2ca1e96e45c6904e24908b898046,2023-01-28T17:31:57Z,1,,5b474dacca3e438997343762b18a8032
spotify:track:4jtcCyzxKc3t3kvErYpBxV,548e2ca1e96e45c6904e24908b898046,2023-01-28T17:31:57Z,1,,5b474dacca3e438997343762b18a8032
spotify:track:6YYn6x3KDzs0bEOZhVrW9z,548e2ca1e96e45c6904e24908b898046,2023-01-28T17:31:57Z,1,,5b474dacca3e438997343762b18a8032
spotify:track:7jSeB8zUDE4UYkowml3h4s,548e2ca1e96e45c6904e24908b898046,2023-01-28T17:31:57Z,1,,5b474dacca3e438997343762b18a8032
spotify:track:0o15du2j41QoYBJd7MoNhc,e2da4cbaa7ef4014bf4429ee89f716db,2023-01-30T19:28:39Z,1,,481db546fbe84e12af91974d63ea1105
spotify:track:1v3rQg6uPY6AnOY5TtxN7I,e2da4cbaa7ef4014bf4429ee89f716db,2023-01-30T19:28:39Z,1,wanted to give this all my votes,481db546fbe84e12af91974d63ea1105
spotify:track:31nfAAcvpMIgB5m1AsX9Lu,e2da4cbaa7ef4014bf4429ee89f716db,2023-01-30T19:28:39Z,1,,481db546fbe84e12af91974d63ea1105
spotify:track:32RQAVokFfmkZSSzyj5MRO,e2da4cbaa7ef4014bf4429ee89f716db,2023-01-30T19:28:39Z,1,,481db546fbe84e12af91974d63ea1105
spotify:track:3jaNu6lgpjy6OxReklptT9,e2da4cbaa7ef4014bf4429ee89f716db,2023-01-30T19:28:39Z,1,,481db546fbe84e12af91974d63ea1105
spotify:track:4ccDBrhCYIJQdoxgiYFDp9,e2da4cbaa7ef4014bf4429ee89f716db,2023-01-30T19:28:39Z,1,,481db546fbe84e12af91974d63ea1105
spotify:track:4kKI4Tpn6v1qUWP7tOPKcP,e2da4cbaa7ef4014bf4429ee89f716db,2023-01-30T19:28:39Z,0,I AM OUT OF VOTES,481db546fbe84e12af91974d63ea1105
spotify:track:4rNTfMrMvq5nK7UAcSZyOS,e2da4cbaa7ef4014bf4429ee89f716db,2023-01-30T19:28:39Z,0,me when i‚Äôm still out of votes,481db546fbe84e12af91974d63ea1105
spotify:track:05JZ5FjuflMEY9uq5ogBYF,08ac136f62c346428ab15a23a4dae3c1,2023-01-30T19:58:42Z,1,,481db546fbe84e12af91974d63ea1105
spotify:track:0o15du2j41QoYBJd7MoNhc,08ac136f62c346428ab15a23a4dae3c1,2023-01-30T19:58:42Z,2,YEAAAAH PUT IT IN MY VEINS,481db546fbe84e12af91974d63ea1105
spotify:track:1v3rQg6uPY6AnOY5TtxN7I,08ac136f62c346428ab15a23a4dae3c1,2023-01-30T19:58:42Z,1,,481db546fbe84e12af91974d63ea1105
spotify:track:4ccDBrhCYIJQdoxgiYFDp9,08ac136f62c346428ab15a23a4dae3c1,2023-01-30T19:58:42Z,1,,481db546fbe84e12af91974d63ea1105
spotify:track:712SX0u4KSgwWiTIljJ15P,08ac136f62c346428ab15a23a4dae3c1,2023-01-30T19:58:42Z,1,,481db546fbe84e12af91974d63ea1105
spotify:track:0bSBf3zT4yi1ovg4mkakvG,acb3beb7eea8419aa5eb0f86f6c70e9c,2023-01-30T22:24:22Z,1,,481db546fbe84e12af91974d63ea1105
spotify:track:1jw992uwXhqJJ0H42ucTRL,acb3beb7eea8419aa5eb0f86f6c70e9c,2023-01-30T22:24:22Z,1,KIKI'S DELIVERY SERVICE OPENING SONG üíõüíõüíõüíõ,481db546fbe84e12af91974d63ea1105
spotify:track:31nfAAcvpMIgB5m1AsX9Lu,acb3beb7eea8419aa5eb0f86f6c70e9c,2023-01-30T22:24:22Z,2,now THESE are some chill vibes,481db546fbe84e12af91974d63ea1105
spotify:track:4kXxEhuatrvwrTQycA7s9B,acb3beb7eea8419aa5eb0f86f6c70e9c,2023-01-30T22:24:22Z,2,"this whole album kicks ass, had to vote for it despite wearing it out on my own last year",481db546fbe84e12af91974d63ea1105
spotify:track:0bSBf3zT4yi1ovg4mkakvG,4d7b06fb7e1b426884f7df6a779fc8cf,2023-01-31T00:30:23Z,0,you ,481db546fbe84e12af91974d63ea1105
spotify:track:0o15du2j41QoYBJd7MoNhc,4d7b06fb7e1b426884f7df6a779fc8cf,2023-01-31T00:30:23Z,1,,481db546fbe84e12af91974d63ea1105
spotify:track:10JNelfXNika1GqTryc3Z7,4d7b06fb7e1b426884f7df6a779fc8cf,2023-01-31T00:30:23Z,1,,481db546fbe84e12af91974d63ea1105
spotify:track:4ccDBrhCYIJQdoxgiYFDp9,4d7b06fb7e1b426884f7df6a779fc8cf,2023-01-31T00:30:23Z,1,,481db546fbe84e12af91974d63ea1105
spotify:track:4rKOs2hGkZqkXuOQfI4qqs,4d7b06fb7e1b426884f7df6a779fc8cf,2023-01-31T00:30:23Z,1,,481db546fbe84e12af91974d63ea1105
spotify:track:6Tf8EZHVgSYEGy7eISBQx7,4d7b06fb7e1b426884f7df6a779fc8cf,2023-01-31T00:30:23Z,1,,481db546fbe84e12af91974d63ea1105
spotify:track:7axtIlOwGp7VqvfOQf6Mhb,4d7b06fb7e1b426884f7df6a779fc8cf,2023-01-31T00:30:23Z,1,,481db546fbe84e12af91974d63ea1105
spotify:track:0bSBf3zT4yi1ovg4mkakvG,087bd3bafb6c46978005ff21842919bd,2023-01-31T00:57:16Z,1,,481db546fbe84e12af91974d63ea1105
spotify:track:0zoGVO4bQXG8U6ChKwNgeg,087bd3bafb6c46978005ff21842919bd,2023-01-31T00:57:16Z,1,,481db546fbe84e12af91974d63ea1105
spotify:track:1SHB1hp6267UK9bJQUxYvO,087bd3bafb6c46978005ff21842919bd,2023-01-31T00:57:16Z,1,,481db546fbe84e12af91974d63ea1105
spotify:track:3jaNu6lgpjy6OxReklptT9,087bd3bafb6c46978005ff21842919bd,2023-01-31T00:57:16Z,1,,481db546fbe84e12af91974d63ea1105
spotify:track:4kKI4Tpn6v1qUWP7tOPKcP,087bd3bafb6c46978005ff21842919bd,2023-01-31T00:57:16Z,1,,481db546fbe84e12af91974d63ea1105
spotify:track:7axtIlOwGp7VqvfOQf6Mhb,087bd3bafb6c46978005ff21842919bd,2023-01-31T00:57:16Z,1,,481db546fbe84e12af91974d63ea1105
spotify:track:1v3rQg6uPY6AnOY5TtxN7I,b03d73d1614b44b6a6b988282e5fecde,2023-01-31T01:58:15Z,2,,481db546fbe84e12af91974d63ea1105
spotify:track:32RQAVokFfmkZSSzyj5MRO,b03d73d1614b44b6a6b988282e5fecde,2023-01-31T01:58:15Z,2,,481db546fbe84e12af91974d63ea1105
spotify:track:4dDXp6josLgenAlB2wTZ86,b03d73d1614b44b6a6b988282e5fecde,2023-01-31T01:58:15Z,1,,481db546fbe84e12af91974d63ea1105
spotify:track:6Tf8EZHVgSYEGy7eISBQx7,b03d73d1614b44b6a6b988282e5fecde,2023-01-31T01:58:15Z,1,,481db546fbe84e12af91974d63ea1105
spotify:track:05JZ5FjuflMEY9uq5ogBYF,72dc3963c08c4c86bb116294efd691d4,2023-01-31T01:58:51Z,1,,481db546fbe84e12af91974d63ea1105
spotify:track:0o15du2j41QoYBJd7MoNhc,72dc3963c08c4c86bb116294efd691d4,2023-01-31T01:58:51Z,1,,481db546fbe84e12af91974d63ea1105
spotify:track:1SHB1hp6267UK9bJQUxYvO,72dc3963c08c4c86bb116294efd691d4,2023-01-31T01:58:51Z,1,,481db546fbe84e12af91974d63ea1105
spotify:track:31nfAAcvpMIgB5m1AsX9Lu,72dc3963c08c4c86bb116294efd691d4,2023-01-31T01:58:51Z,1,,481db546fbe84e12af91974d63ea1105
spotify:track:712SX0u4KSgwWiTIljJ15P,72dc3963c08c4c86bb116294efd691d4,2023-01-31T01:58:51Z,2,,481db546fbe84e12af91974d63ea1105
spotify:track:0o15du2j41QoYBJd7MoNhc,ea65eeeafbf649bb88da72b305ecda61,2023-01-31T02:21:48Z,1,,481db546fbe84e12af91974d63ea1105
spotify:track:13MSmPWE3DbslDmY05UTJM,ea65eeeafbf649bb88da72b305ecda61,2023-01-31T02:21:48Z,1,,481db546fbe84e12af91974d63ea1105
spotify:track:1c6C2wg7PRbPBRRUaEvheC,ea65eeeafbf649bb88da72b305ecda61,2023-01-31T02:21:48Z,1,,481db546fbe84e12af91974d63ea1105
spotify:track:1SHB1hp6267UK9bJQUxYvO,ea65eeeafbf649bb88da72b305ecda61,2023-01-31T02:21:48Z,1,,481db546fbe84e12af91974d63ea1105
spotify:track:32RQAVokFfmkZSSzyj5MRO,ea65eeeafbf649bb88da72b305ecda61,2023-01-31T02:21:48Z,1,,481db546fbe84e12af91974d63ea1105
spotify:track:4kXxEhuatrvwrTQycA7s9B,ea65eeeafbf649bb88da72b305ecda61,2023-01-31T02:21:48Z,1,,481db546fbe84e12af91974d63ea1105
spotify:track:0o15du2j41QoYBJd7MoNhc,6f3b1611dd3e42eaa6194b13f896e714,2023-01-31T02:32:27Z,1,,481db546fbe84e12af91974d63ea1105
spotify:track:0zoGVO4bQXG8U6ChKwNgeg,6f3b1611dd3e42eaa6194b13f896e714,2023-01-31T02:32:27Z,1,,481db546fbe84e12af91974d63ea1105
spotify:track:11p3Oa6Rl0GOvkPBmOIC4b,6f3b1611dd3e42eaa6194b13f896e714,2023-01-31T02:32:27Z,1,,481db546fbe84e12af91974d63ea1105
spotify:track:1v3rQg6uPY6AnOY5TtxN7I,6f3b1611dd3e42eaa6194b13f896e714,2023-01-31T02:32:27Z,1,,481db546fbe84e12af91974d63ea1105
spotify:track:4rNTfMrMvq5nK7UAcSZyOS,6f3b1611dd3e42eaa6194b13f896e714,2023-01-31T02:32:27Z,1,,481db546fbe84e12af91974d63ea1105
spotify:track:712SX0u4KSgwWiTIljJ15P,6f3b1611dd3e42eaa6194b13f896e714,2023-01-31T02:32:27Z,1,,481db546fbe84e12af91974d63ea1105
spotify:track:1Ij7mdEnt87PqwyrLbfCp8,2673715bca7d4e49b8b0c1e1cd5c4cba,2023-01-31T02:36:51Z,3,,481db546fbe84e12af91974d63ea1105
spotify:track:1SHB1hp6267UK9bJQUxYvO,2673715bca7d4e49b8b0c1e1cd5c4cba,2023-01-31T02:36:51Z,1,,481db546fbe84e12af91974d63ea1105
spotify:track:60jFaQV7Z4boGC4ob5B5c6,2673715bca7d4e49b8b0c1e1cd5c4cba,2023-01-31T02:36:51Z,1,,481db546fbe84e12af91974d63ea1105
spotify:track:7axtIlOwGp7VqvfOQf6Mhb,2673715bca7d4e49b8b0c1e1cd5c4cba,2023-01-31T02:36:51Z,1,,481db546fbe84e12af91974d63ea1105
spotify:track:0bSBf3zT4yi1ovg4mkakvG,a279f32e317f4fefa873b60c91048487,2023-01-31T03:53:53Z,1,,481db546fbe84e12af91974d63ea1105
spotify:track:0o15du2j41QoYBJd7MoNhc,a279f32e317f4fefa873b60c91048487,2023-01-31T03:53:53Z,1,,481db546fbe84e12af91974d63ea1105
spotify:track:32RQAVokFfmkZSSzyj5MRO,a279f32e317f4fefa873b60c91048487,2023-01-31T03:53:53Z,1,,481db546fbe84e12af91974d63ea1105
spotify:track:3jaNu6lgpjy6OxReklptT9,a279f32e317f4fefa873b60c91048487,2023-01-31T03:53:53Z,1,,481db546fbe84e12af91974d63ea1105
spotify:track:4kXxEhuatrvwrTQycA7s9B,a279f32e317f4fefa873b60c91048487,2023-01-31T03:53:53Z,1,,481db546fbe84e12af91974d63ea1105
spotify:track:712SX0u4KSgwWiTIljJ15P,a279f32e317f4fefa873b60c91048487,2023-01-31T03:53:53Z,1,,481db546fbe84e12af91974d63ea1105
spotify:track:11p3Oa6Rl0GOvkPBmOIC4b,df957f6ea37740abb2b7fad3269ccd95,2023-01-31T14:58:22Z,1,,481db546fbe84e12af91974d63ea1105
spotify:track:13MSmPWE3DbslDmY05UTJM,df957f6ea37740abb2b7fad3269ccd95,2023-01-31T14:58:22Z,1,,481db546fbe84e12af91974d63ea1105
spotify:track:1jw992uwXhqJJ0H42ucTRL,df957f6ea37740abb2b7fad3269ccd95,2023-01-31T14:58:22Z,1,,481db546fbe84e12af91974d63ea1105
spotify:track:1SHB1hp6267UK9bJQUxYvO,df957f6ea37740abb2b7fad3269ccd95,2023-01-31T14:58:22Z,1,,481db546fbe84e12af91974d63ea1105
spotify:track:4rKOs2hGkZqkXuOQfI4qqs,df957f6ea37740abb2b7fad3269ccd95,2023-01-31T14:58:22Z,1,,481db546fbe84e12af91974d63ea1105
spotify:track:60jFaQV7Z4boGC4ob5B5c6,df957f6ea37740abb2b7fad3269ccd95,2023-01-31T14:58:22Z,1,,481db546fbe84e12af91974d63ea1105
spotify:track:05JZ5FjuflMEY9uq5ogBYF,f3d015ff364f4f34aec6c51ff8f8dcfd,2023-01-31T15:42:38Z,1,,481db546fbe84e12af91974d63ea1105
spotify:track:0o15du2j41QoYBJd7MoNhc,f3d015ff364f4f34aec6c51ff8f8dcfd,2023-01-31T15:42:38Z,1,,481db546fbe84e12af91974d63ea1105
spotify:track:13MSmPWE3DbslDmY05UTJM,f3d015ff364f4f34aec6c51ff8f8dcfd,2023-01-31T15:42:38Z,1,,481db546fbe84e12af91974d63ea1105
spotify:track:1SHB1hp6267UK9bJQUxYvO,f3d015ff364f4f34aec6c51ff8f8dcfd,2023-01-31T15:42:38Z,1,,481db546fbe84e12af91974d63ea1105
spotify:track:32RQAVokFfmkZSSzyj5MRO,f3d015ff364f4f34aec6c51ff8f8dcfd,2023-01-31T15:42:38Z,1,,481db546fbe84e12af91974d63ea1105
spotify:track:3jaNu6lgpjy6OxReklptT9,f3d015ff364f4f34aec6c51ff8f8dcfd,2023-01-31T15:42:38Z,1,,481db546fbe84e12af91974d63ea1105
spotify:track:10JNelfXNika1GqTryc3Z7,18ef8246e8134716a1c35c0f7635145a,2023-01-31T17:25:33Z,1,,481db546fbe84e12af91974d63ea1105
spotify:track:4kXxEhuatrvwrTQycA7s9B,18ef8246e8134716a1c35c0f7635145a,2023-01-31T17:25:33Z,1,,481db546fbe84e12af91974d63ea1105
spotify:track:4Rvhe8O90hFIExTJkdrRPM,18ef8246e8134716a1c35c0f7635145a,2023-01-31T17:25:33Z,1,,481db546fbe84e12af91974d63ea1105
spotify:track:712SX0u4KSgwWiTIljJ15P,18ef8246e8134716a1c35c0f7635145a,2023-01-31T17:25:33Z,2,,481db546fbe84e12af91974d63ea1105
spotify:track:7axtIlOwGp7VqvfOQf6Mhb,18ef8246e8134716a1c35c0f7635145a,2023-01-31T17:25:33Z,1,,481db546fbe84e12af91974d63ea1105
spotify:track:0o15du2j41QoYBJd7MoNhc,1bc86110e6c1492f87d243410ce2644f,2023-01-31T18:59:44Z,1,,481db546fbe84e12af91974d63ea1105
spotify:track:0zoGVO4bQXG8U6ChKwNgeg,1bc86110e6c1492f87d243410ce2644f,2023-01-31T18:59:44Z,1,,481db546fbe84e12af91974d63ea1105
spotify:track:11p3Oa6Rl0GOvkPBmOIC4b,1bc86110e6c1492f87d243410ce2644f,2023-01-31T18:59:44Z,1,,481db546fbe84e12af91974d63ea1105
spotify:track:32RQAVokFfmkZSSzyj5MRO,1bc86110e6c1492f87d243410ce2644f,2023-01-31T18:59:44Z,1,,481db546fbe84e12af91974d63ea1105
spotify:track:4rNTfMrMvq5nK7UAcSZyOS,1bc86110e6c1492f87d243410ce2644f,2023-01-31T18:59:44Z,1,,481db546fbe84e12af91974d63ea1105
spotify:track:6Tf8EZHVgSYEGy7eISBQx7,1bc86110e6c1492f87d243410ce2644f,2023-01-31T18:59:44Z,1,,481db546fbe84e12af91974d63ea1105
spotify:track:0bSBf3zT4yi1ovg4mkakvG,c14394d6867042f282c8da639f1816fa,2023-01-31T20:02:54Z,1,,481db546fbe84e12af91974d63ea1105
spotify:track:1SHB1hp6267UK9bJQUxYvO,c14394d6867042f282c8da639f1816fa,2023-01-31T20:02:54Z,1,,481db546fbe84e12af91974d63ea1105
spotify:track:4dDXp6josLgenAlB2wTZ86,c14394d6867042f282c8da639f1816fa,2023-01-31T20:02:54Z,1,,481db546fbe84e12af91974d63ea1105
spotify:track:6Tf8EZHVgSYEGy7eISBQx7,c14394d6867042f282c8da639f1816fa,2023-01-31T20:02:54Z,1,,481db546fbe84e12af91974d63ea1105
spotify:track:6ZEbd1IH48QQ6QtbKwUyWR,c14394d6867042f282c8da639f1816fa,2023-01-31T20:02:54Z,1,,481db546fbe84e12af91974d63ea1105
spotify:track:712SX0u4KSgwWiTIljJ15P,c14394d6867042f282c8da639f1816fa,2023-01-31T20:02:54Z,1,,481db546fbe84e12af91974d63ea1105
spotify:track:0o15du2j41QoYBJd7MoNhc,8c06871b333f420097d294d733500a6d,2023-01-31T22:14:37Z,1,,481db546fbe84e12af91974d63ea1105
spotify:track:0zoGVO4bQXG8U6ChKwNgeg,8c06871b333f420097d294d733500a6d,2023-01-31T22:14:37Z,1,,481db546fbe84e12af91974d63ea1105
spotify:track:11p3Oa6Rl0GOvkPBmOIC4b,8c06871b333f420097d294d733500a6d,2023-01-31T22:14:37Z,1,,481db546fbe84e12af91974d63ea1105
spotify:track:4akYOw6ZJu7WIbZViLrJqc,8c06871b333f420097d294d733500a6d,2023-01-31T22:14:37Z,1,,481db546fbe84e12af91974d63ea1105
spotify:track:4rNTfMrMvq5nK7UAcSZyOS,8c06871b333f420097d294d733500a6d,2023-01-31T22:14:37Z,1,,481db546fbe84e12af91974d63ea1105
spotify:track:6ZEbd1IH48QQ6QtbKwUyWR,8c06871b333f420097d294d733500a6d,2023-01-31T22:14:37Z,1,,481db546fbe84e12af91974d63ea1105
spotify:track:05JZ5FjuflMEY9uq5ogBYF,9bb7a6f84baf47d9aaaa374a51b51e0e,2023-01-31T22:22:38Z,1,,481db546fbe84e12af91974d63ea1105
spotify:track:0zoGVO4bQXG8U6ChKwNgeg,9bb7a6f84baf47d9aaaa374a51b51e0e,2023-01-31T22:22:38Z,1,,481db546fbe84e12af91974d63ea1105
spotify:track:11p3Oa6Rl0GOvkPBmOIC4b,9bb7a6f84baf47d9aaaa374a51b51e0e,2023-01-31T22:22:38Z,1,,481db546fbe84e12af91974d63ea1105
spotify:track:1Ij7mdEnt87PqwyrLbfCp8,9bb7a6f84baf47d9aaaa374a51b51e0e,2023-01-31T22:22:38Z,1,,481db546fbe84e12af91974d63ea1105
spotify:track:31nfAAcvpMIgB5m1AsX9Lu,9bb7a6f84baf47d9aaaa374a51b51e0e,2023-01-31T22:22:38Z,1,,481db546fbe84e12af91974d63ea1105
spotify:track:712SX0u4KSgwWiTIljJ15P,9bb7a6f84baf47d9aaaa374a51b51e0e,2023-01-31T22:22:38Z,1,,481db546fbe84e12af91974d63ea1105
spotify:track:0bSBf3zT4yi1ovg4mkakvG,e4cd40ede6844e749dc51450e0f4395e,2023-02-01T02:19:17Z,1,,481db546fbe84e12af91974d63ea1105
spotify:track:0o15du2j41QoYBJd7MoNhc,e4cd40ede6844e749dc51450e0f4395e,2023-02-01T02:19:17Z,1,I very nearly submitted sil vous plait from this album üñ§,481db546fbe84e12af91974d63ea1105
spotify:track:1c6C2wg7PRbPBRRUaEvheC,e4cd40ede6844e749dc51450e0f4395e,2023-02-01T02:19:17Z,0,This was super fun! Sorry I didn't have enough votes üò¢,481db546fbe84e12af91974d63ea1105
spotify:track:4dDXp6josLgenAlB2wTZ86,e4cd40ede6844e749dc51450e0f4395e,2023-02-01T02:19:17Z,1,,481db546fbe84e12af91974d63ea1105
spotify:track:4kKI4Tpn6v1qUWP7tOPKcP,e4cd40ede6844e749dc51450e0f4395e,2023-02-01T02:19:17Z,1,,481db546fbe84e12af91974d63ea1105
spotify:track:4kXxEhuatrvwrTQycA7s9B,e4cd40ede6844e749dc51450e0f4395e,2023-02-01T02:19:17Z,1,,481db546fbe84e12af91974d63ea1105
spotify:track:712SX0u4KSgwWiTIljJ15P,e4cd40ede6844e749dc51450e0f4395e,2023-02-01T02:19:17Z,1,,481db546fbe84e12af91974d63ea1105
spotify:track:0zoGVO4bQXG8U6ChKwNgeg,b55a464cba2c4513bfa9defeb6e391ba,2023-02-02T17:21:11Z,2,,481db546fbe84e12af91974d63ea1105
spotify:track:4Rvhe8O90hFIExTJkdrRPM,b55a464cba2c4513bfa9defeb6e391ba,2023-02-02T17:21:11Z,1,,481db546fbe84e12af91974d63ea1105
spotify:track:6ZEbd1IH48QQ6QtbKwUyWR,b55a464cba2c4513bfa9defeb6e391ba,2023-02-02T17:21:11Z,1,,481db546fbe84e12af91974d63ea1105
spotify:track:712SX0u4KSgwWiTIljJ15P,b55a464cba2c4513bfa9defeb6e391ba,2023-02-02T17:21:11Z,1,,481db546fbe84e12af91974d63ea1105
spotify:track:7axtIlOwGp7VqvfOQf6Mhb,b55a464cba2c4513bfa9defeb6e391ba,2023-02-02T17:21:11Z,1,,481db546fbe84e12af91974d63ea1105
spotify:track:0bSBf3zT4yi1ovg4mkakvG,d3d51805b25740b198a8871732fe5910,2023-02-03T05:57:28Z,1,,481db546fbe84e12af91974d63ea1105
spotify:track:10JNelfXNika1GqTryc3Z7,d3d51805b25740b198a8871732fe5910,2023-02-03T05:57:28Z,1,,481db546fbe84e12af91974d63ea1105
spotify:track:1jw992uwXhqJJ0H42ucTRL,d3d51805b25740b198a8871732fe5910,2023-02-03T05:57:28Z,1,,481db546fbe84e12af91974d63ea1105
spotify:track:3jaNu6lgpjy6OxReklptT9,d3d51805b25740b198a8871732fe5910,2023-02-03T05:57:28Z,1,,481db546fbe84e12af91974d63ea1105
spotify:track:4akYOw6ZJu7WIbZViLrJqc,d3d51805b25740b198a8871732fe5910,2023-02-03T05:57:28Z,1,,481db546fbe84e12af91974d63ea1105
spotify:track:7axtIlOwGp7VqvfOQf6Mhb,d3d51805b25740b198a8871732fe5910,2023-02-03T05:57:28Z,1,,481db546fbe84e12af91974d63ea1105
spotify:track:11p3Oa6Rl0GOvkPBmOIC4b,12970f0e22c64e9d8b6f1cf33083514c,2023-02-03T21:09:20Z,1,,481db546fbe84e12af91974d63ea1105
spotify:track:1c6C2wg7PRbPBRRUaEvheC,12970f0e22c64e9d8b6f1cf33083514c,2023-02-03T21:09:20Z,0,"pon pon weiweiwei, weiweiweiweiwei ponpon",481db546fbe84e12af91974d63ea1105
spotify:track:1Ij7mdEnt87PqwyrLbfCp8,12970f0e22c64e9d8b6f1cf33083514c,2023-02-03T21:09:20Z,1,,481db546fbe84e12af91974d63ea1105
spotify:track:1v3rQg6uPY6AnOY5TtxN7I,12970f0e22c64e9d8b6f1cf33083514c,2023-02-03T21:09:20Z,1,,481db546fbe84e12af91974d63ea1105
spotify:track:4kKI4Tpn6v1qUWP7tOPKcP,12970f0e22c64e9d8b6f1cf33083514c,2023-02-03T21:09:20Z,1,,481db546fbe84e12af91974d63ea1105
spotify:track:4kXxEhuatrvwrTQycA7s9B,12970f0e22c64e9d8b6f1cf33083514c,2023-02-03T21:09:20Z,1,honestly I didn't wanna like it because of a pre-existing bias of rosal√≠a being corny but it's a bop ,481db546fbe84e12af91974d63ea1105
spotify:track:4rKOs2hGkZqkXuOQfI4qqs,12970f0e22c64e9d8b6f1cf33083514c,2023-02-03T21:09:20Z,1,,481db546fbe84e12af91974d63ea1105
spotify:track:0zoGVO4bQXG8U6ChKwNgeg,30df215972534f33ba3c9ef02ad26f0c,2023-02-03T23:12:27Z,1,,481db546fbe84e12af91974d63ea1105
spotify:track:1v3rQg6uPY6AnOY5TtxN7I,30df215972534f33ba3c9ef02ad26f0c,2023-02-03T23:12:27Z,1,,481db546fbe84e12af91974d63ea1105
spotify:track:32RQAVokFfmkZSSzyj5MRO,30df215972534f33ba3c9ef02ad26f0c,2023-02-03T23:12:27Z,1,,481db546fbe84e12af91974d63ea1105
spotify:track:4kKI4Tpn6v1qUWP7tOPKcP,30df215972534f33ba3c9ef02ad26f0c,2023-02-03T23:12:27Z,1,,481db546fbe84e12af91974d63ea1105
spotify:track:4rNTfMrMvq5nK7UAcSZyOS,30df215972534f33ba3c9ef02ad26f0c,2023-02-03T23:12:27Z,1,,481db546fbe84e12af91974d63ea1105
spotify:track:6Tf8EZHVgSYEGy7eISBQx7,30df215972534f33ba3c9ef02ad26f0c,2023-02-03T23:12:27Z,1,,481db546fbe84e12af91974d63ea1105
spotify:track:0bSBf3zT4yi1ovg4mkakvG,dabfe0d311ff4e03a85f9d1056769bdb,2023-02-04T00:05:23Z,1,,481db546fbe84e12af91974d63ea1105
spotify:track:0o15du2j41QoYBJd7MoNhc,dabfe0d311ff4e03a85f9d1056769bdb,2023-02-04T00:05:23Z,2,lovvvee this song,481db546fbe84e12af91974d63ea1105
spotify:track:1c6C2wg7PRbPBRRUaEvheC,dabfe0d311ff4e03a85f9d1056769bdb,2023-02-04T00:05:23Z,1,,481db546fbe84e12af91974d63ea1105
spotify:track:4ccDBrhCYIJQdoxgiYFDp9,dabfe0d311ff4e03a85f9d1056769bdb,2023-02-04T00:05:23Z,1,,481db546fbe84e12af91974d63ea1105
spotify:track:6Tf8EZHVgSYEGy7eISBQx7,dabfe0d311ff4e03a85f9d1056769bdb,2023-02-04T00:05:23Z,1,,481db546fbe84e12af91974d63ea1105
spotify:track:0bSBf3zT4yi1ovg4mkakvG,77d8276c3aa54dbfb8507251fd889746,2023-02-04T07:48:42Z,1,,481db546fbe84e12af91974d63ea1105
spotify:track:0o15du2j41QoYBJd7MoNhc,77d8276c3aa54dbfb8507251fd889746,2023-02-04T07:48:42Z,1,,481db546fbe84e12af91974d63ea1105
spotify:track:0zoGVO4bQXG8U6ChKwNgeg,77d8276c3aa54dbfb8507251fd889746,2023-02-04T07:48:42Z,1,,481db546fbe84e12af91974d63ea1105
spotify:track:10JNelfXNika1GqTryc3Z7,77d8276c3aa54dbfb8507251fd889746,2023-02-04T07:48:42Z,1,,481db546fbe84e12af91974d63ea1105
spotify:track:4rNTfMrMvq5nK7UAcSZyOS,77d8276c3aa54dbfb8507251fd889746,2023-02-04T07:48:42Z,1,,481db546fbe84e12af91974d63ea1105
spotify:track:6Tf8EZHVgSYEGy7eISBQx7,77d8276c3aa54dbfb8507251fd889746,2023-02-04T07:48:42Z,1,,481db546fbe84e12af91974d63ea1105
spotify:track:11p3Oa6Rl0GOvkPBmOIC4b,548e2ca1e96e45c6904e24908b898046,2023-02-04T16:54:25Z,1,,481db546fbe84e12af91974d63ea1105
spotify:track:32RQAVokFfmkZSSzyj5MRO,548e2ca1e96e45c6904e24908b898046,2023-02-04T16:54:25Z,2,,481db546fbe84e12af91974d63ea1105
spotify:track:3jaNu6lgpjy6OxReklptT9,548e2ca1e96e45c6904e24908b898046,2023-02-04T16:54:25Z,1,,481db546fbe84e12af91974d63ea1105
spotify:track:4ccDBrhCYIJQdoxgiYFDp9,548e2ca1e96e45c6904e24908b898046,2023-02-04T16:54:25Z,1,,481db546fbe84e12af91974d63ea1105
spotify:track:4dDXp6josLgenAlB2wTZ86,548e2ca1e96e45c6904e24908b898046,2023-02-04T16:54:25Z,1,,481db546fbe84e12af91974d63ea1105
spotify:track:0o15du2j41QoYBJd7MoNhc,b643a86e41b543948d0ac55c17cbbc79,2023-02-04T17:41:36Z,1,,481db546fbe84e12af91974d63ea1105
spotify:track:13MSmPWE3DbslDmY05UTJM,b643a86e41b543948d0ac55c17cbbc79,2023-02-04T17:41:36Z,1,,481db546fbe84e12af91974d63ea1105
spotify:track:1c6C2wg7PRbPBRRUaEvheC,b643a86e41b543948d0ac55c17cbbc79,2023-02-04T17:41:36Z,1,,481db546fbe84e12af91974d63ea1105
spotify:track:4dDXp6josLgenAlB2wTZ86,b643a86e41b543948d0ac55c17cbbc79,2023-02-04T17:41:36Z,1,,481db546fbe84e12af91974d63ea1105
spotify:track:4kXxEhuatrvwrTQycA7s9B,b643a86e41b543948d0ac55c17cbbc79,2023-02-04T17:41:36Z,1,,481db546fbe84e12af91974d63ea1105
spotify:track:7axtIlOwGp7VqvfOQf6Mhb,b643a86e41b543948d0ac55c17cbbc79,2023-02-04T17:41:36Z,1,,481db546fbe84e12af91974d63ea1105
spotify:track:17vXKhOq1aDVoHqm375fKq,72dc3963c08c4c86bb116294efd691d4,2023-02-06T19:12:24Z,2,,f3a46681eff74153b2d6344ac8880544
spotify:track:5rh3qe7ytGsANHrOhPVUMc,72dc3963c08c4c86bb116294efd691d4,2023-02-06T19:12:24Z,1,,f3a46681eff74153b2d6344ac8880544
spotify:track:3llVQLyIWcesnMyM7lrrL2,72dc3963c08c4c86bb116294efd691d4,2023-02-06T19:12:24Z,1,,f3a46681eff74153b2d6344ac8880544
spotify:track:32ySwMh6iPn1rVqLX5RSm5,72dc3963c08c4c86bb116294efd691d4,2023-02-06T19:12:24Z,1,,f3a46681eff74153b2d6344ac8880544
spotify:track:2XV5CUyw7gPVi18d718D4f,72dc3963c08c4c86bb116294efd691d4,2023-02-06T19:12:24Z,1,,f3a46681eff74153b2d6344ac8880544
spotify:track:03cIxujvTyV0sNShMoONGH,4d7b06fb7e1b426884f7df6a779fc8cf,2023-02-06T19:48:53Z,1,,f3a46681eff74153b2d6344ac8880544
spotify:track:7vaFuClNKe02pjKYbXEJ46,4d7b06fb7e1b426884f7df6a779fc8cf,2023-02-06T19:48:53Z,1,,f3a46681eff74153b2d6344ac8880544
spotify:track:6pDzUazSIrRhViOqiMMraX,4d7b06fb7e1b426884f7df6a779fc8cf,2023-02-06T19:48:53Z,1,,f3a46681eff74153b2d6344ac8880544
spotify:track:3llVQLyIWcesnMyM7lrrL2,4d7b06fb7e1b426884f7df6a779fc8cf,2023-02-06T19:48:53Z,1,,f3a46681eff74153b2d6344ac8880544
spotify:track:3CJT3NY7LLs3dSwm2C59vC,4d7b06fb7e1b426884f7df6a779fc8cf,2023-02-06T19:48:53Z,1,,f3a46681eff74153b2d6344ac8880544
spotify:track:2XV5CUyw7gPVi18d718D4f,4d7b06fb7e1b426884f7df6a779fc8cf,2023-02-06T19:48:53Z,1,,f3a46681eff74153b2d6344ac8880544
spotify:track:2fyn2C9PQyd0stf9DLjiKR,4d7b06fb7e1b426884f7df6a779fc8cf,2023-02-06T19:48:53Z,0,one of my fav bands but not amoeba enough :(,f3a46681eff74153b2d6344ac8880544
spotify:track:2WxtpDiFtkpl7ZSLQkvDyn,acb3beb7eea8419aa5eb0f86f6c70e9c,2023-02-06T19:58:17Z,1,"could stand to be goopier, but i like that the lyrics are on theme!",f3a46681eff74153b2d6344ac8880544
spotify:track:2uhJyFGBH8qRj14D82rrYn,acb3beb7eea8419aa5eb0f86f6c70e9c,2023-02-06T19:58:17Z,0,another really great song that doesn't feel amoeba-y enough to me :(,f3a46681eff74153b2d6344ac8880544
spotify:track:2SJo1P387WJHJx1uFbyrRj,acb3beb7eea8419aa5eb0f86f6c70e9c,2023-02-06T19:58:17Z,0,this is sick,f3a46681eff74153b2d6344ac8880544
spotify:track:2i2CgMfqIKVD7MAc03jDch,acb3beb7eea8419aa5eb0f86f6c70e9c,2023-02-06T19:58:17Z,1,i was kind of expecting every song on the playlist to be something synthy like this,f3a46681eff74153b2d6344ac8880544
spotify:track:17vXKhOq1aDVoHqm375fKq,acb3beb7eea8419aa5eb0f86f6c70e9c,2023-02-06T19:58:17Z,0,chicken ‚â† amoeba !!!!!!!,f3a46681eff74153b2d6344ac8880544
spotify:track:0uiQhudIXBRSsdkJvAzZIW,acb3beb7eea8419aa5eb0f86f6c70e9c,2023-02-06T19:58:17Z,0,"this song is super sweet and i like it a bunch, but doesn't feel v amoeba-y to me üò≠",f3a46681eff74153b2d6344ac8880544
spotify:track:73MYXXOV9DKwq8MVuSOpMT,acb3beb7eea8419aa5eb0f86f6c70e9c,2023-02-06T19:58:17Z,1,,f3a46681eff74153b2d6344ac8880544
spotify:track:6vGhuJS38CNt3LhcRRttgK,acb3beb7eea8419aa5eb0f86f6c70e9c,2023-02-06T19:58:17Z,0,"dang, good cover",f3a46681eff74153b2d6344ac8880544
spotify:track:5rh3qe7ytGsANHrOhPVUMc,acb3beb7eea8419aa5eb0f86f6c70e9c,2023-02-06T19:58:17Z,1,i like too many songs on this playlist it's a problem,f3a46681eff74153b2d6344ac8880544
spotify:track:3llVQLyIWcesnMyM7lrrL2,acb3beb7eea8419aa5eb0f86f6c70e9c,2023-02-06T19:58:17Z,1,perfect song for this!!!!! a stellar pick,f3a46681eff74153b2d6344ac8880544
spotify:track:3CJT3NY7LLs3dSwm2C59vC,acb3beb7eea8419aa5eb0f86f6c70e9c,2023-02-06T19:58:17Z,0,this is super super good... trying to award points for this playlist is torture lol,f3a46681eff74153b2d6344ac8880544
spotify:track:2XV5CUyw7gPVi18d718D4f,acb3beb7eea8419aa5eb0f86f6c70e9c,2023-02-06T19:58:17Z,1,hell yes,f3a46681eff74153b2d6344ac8880544
spotify:track:2WxtpDiFtkpl7ZSLQkvDyn,087bd3bafb6c46978005ff21842919bd,2023-02-06T21:46:40Z,1,,f3a46681eff74153b2d6344ac8880544
spotify:track:7i3vjpWqzThbgHKtieSH6w,087bd3bafb6c46978005ff21842919bd,2023-02-06T21:46:40Z,1,,f3a46681eff74153b2d6344ac8880544
spotify:track:0uiQhudIXBRSsdkJvAzZIW,087bd3bafb6c46978005ff21842919bd,2023-02-06T21:46:40Z,1,,f3a46681eff74153b2d6344ac8880544
spotify:track:03cIxujvTyV0sNShMoONGH,087bd3bafb6c46978005ff21842919bd,2023-02-06T21:46:40Z,1,,f3a46681eff74153b2d6344ac8880544
spotify:track:73MYXXOV9DKwq8MVuSOpMT,087bd3bafb6c46978005ff21842919bd,2023-02-06T21:46:40Z,1,,f3a46681eff74153b2d6344ac8880544
spotify:track:2uhJyFGBH8qRj14D82rrYn,087bd3bafb6c46978005ff21842919bd,2023-02-06T21:46:40Z,1,,f3a46681eff74153b2d6344ac8880544
spotify:track:1bRu3c0EXmC0cegfoD8UnU,b03d73d1614b44b6a6b988282e5fecde,2023-02-07T00:29:03Z,1,,f3a46681eff74153b2d6344ac8880544
spotify:track:1U4OBnXNXCIkxlv4EknVeb,b03d73d1614b44b6a6b988282e5fecde,2023-02-07T00:29:03Z,1,,f3a46681eff74153b2d6344ac8880544
spotify:track:2i2CgMfqIKVD7MAc03jDch,b03d73d1614b44b6a6b988282e5fecde,2023-02-07T00:29:03Z,1,,f3a46681eff74153b2d6344ac8880544
spotify:track:2WxtpDiFtkpl7ZSLQkvDyn,b03d73d1614b44b6a6b988282e5fecde,2023-02-07T00:29:03Z,2,,f3a46681eff74153b2d6344ac8880544
spotify:track:6vGhuJS38CNt3LhcRRttgK,b03d73d1614b44b6a6b988282e5fecde,2023-02-07T00:29:03Z,1,,f3a46681eff74153b2d6344ac8880544
spotify:track:17vXKhOq1aDVoHqm375fKq,6f3b1611dd3e42eaa6194b13f896e714,2023-02-07T01:28:42Z,2,the greatest song with chicken-based vocals I have listened to!,f3a46681eff74153b2d6344ac8880544
spotify:track:2fyn2C9PQyd0stf9DLjiKR,6f3b1611dd3e42eaa6194b13f896e714,2023-02-07T01:28:42Z,3,very epic,f3a46681eff74153b2d6344ac8880544
spotify:track:2SJo1P387WJHJx1uFbyrRj,6f3b1611dd3e42eaa6194b13f896e714,2023-02-07T01:28:42Z,0,what does it SAY i just want to know what it SAYS ,f3a46681eff74153b2d6344ac8880544
spotify:track:3CJT3NY7LLs3dSwm2C59vC,6f3b1611dd3e42eaa6194b13f896e714,2023-02-07T01:28:42Z,1,,f3a46681eff74153b2d6344ac8880544
spotify:track:7c3H2Ykgmk7jrbOUPxwhp1,6f3b1611dd3e42eaa6194b13f896e714,2023-02-07T01:28:42Z,0,"i like the idea, would like to see a system of a down version",f3a46681eff74153b2d6344ac8880544
spotify:track:2i2CgMfqIKVD7MAc03jDch,08ac136f62c346428ab15a23a4dae3c1,2023-02-07T03:33:18Z,1,,f3a46681eff74153b2d6344ac8880544
spotify:track:7c3H2Ykgmk7jrbOUPxwhp1,08ac136f62c346428ab15a23a4dae3c1,2023-02-07T03:33:18Z,1,The vibes were fun ,f3a46681eff74153b2d6344ac8880544
spotify:track:7BxJz17EyAHjZlHEEqrtm6,08ac136f62c346428ab15a23a4dae3c1,2023-02-07T03:33:18Z,2,"Easy vote, love this song to death",f3a46681eff74153b2d6344ac8880544
spotify:track:2XV5CUyw7gPVi18d718D4f,08ac136f62c346428ab15a23a4dae3c1,2023-02-07T03:33:18Z,1,,f3a46681eff74153b2d6344ac8880544
spotify:track:03cIxujvTyV0sNShMoONGH,08ac136f62c346428ab15a23a4dae3c1,2023-02-07T03:33:18Z,1,,f3a46681eff74153b2d6344ac8880544
spotify:track:03EFCR3c8en9RROZ5381qt,d3d51805b25740b198a8871732fe5910,2023-02-07T05:16:29Z,1,,f3a46681eff74153b2d6344ac8880544
spotify:track:1LjsGFsGNl0dnAynIZFkRl,d3d51805b25740b198a8871732fe5910,2023-02-07T05:16:29Z,1,,f3a46681eff74153b2d6344ac8880544
spotify:track:2WxtpDiFtkpl7ZSLQkvDyn,d3d51805b25740b198a8871732fe5910,2023-02-07T05:16:29Z,1,,f3a46681eff74153b2d6344ac8880544
spotify:track:2XV5CUyw7gPVi18d718D4f,d3d51805b25740b198a8871732fe5910,2023-02-07T05:16:29Z,1,,f3a46681eff74153b2d6344ac8880544
spotify:track:3llVQLyIWcesnMyM7lrrL2,d3d51805b25740b198a8871732fe5910,2023-02-07T05:16:29Z,1,,f3a46681eff74153b2d6344ac8880544
spotify:track:5rh3qe7ytGsANHrOhPVUMc,d3d51805b25740b198a8871732fe5910,2023-02-07T05:16:29Z,1,,f3a46681eff74153b2d6344ac8880544
spotify:track:03cIxujvTyV0sNShMoONGH,ea65eeeafbf649bb88da72b305ecda61,2023-02-07T14:47:14Z,1,,f3a46681eff74153b2d6344ac8880544
spotify:track:2SJo1P387WJHJx1uFbyrRj,ea65eeeafbf649bb88da72b305ecda61,2023-02-07T14:47:14Z,1,,f3a46681eff74153b2d6344ac8880544
spotify:track:3CJT3NY7LLs3dSwm2C59vC,ea65eeeafbf649bb88da72b305ecda61,2023-02-07T14:47:14Z,1,,f3a46681eff74153b2d6344ac8880544
spotify:track:5qspeKX1xBacLJMm2t3Yc0,ea65eeeafbf649bb88da72b305ecda61,2023-02-07T14:47:14Z,1,,f3a46681eff74153b2d6344ac8880544
spotify:track:73MYXXOV9DKwq8MVuSOpMT,ea65eeeafbf649bb88da72b305ecda61,2023-02-07T14:47:14Z,1,,f3a46681eff74153b2d6344ac8880544
spotify:track:7vaFuClNKe02pjKYbXEJ46,ea65eeeafbf649bb88da72b305ecda61,2023-02-07T14:47:14Z,1,,f3a46681eff74153b2d6344ac8880544
spotify:track:0uiQhudIXBRSsdkJvAzZIW,8574f9f5f81d48deb991d489b34e0f61,2023-02-07T15:17:13Z,1,,f3a46681eff74153b2d6344ac8880544
spotify:track:17vXKhOq1aDVoHqm375fKq,8574f9f5f81d48deb991d489b34e0f61,2023-02-07T15:17:13Z,1,,f3a46681eff74153b2d6344ac8880544
spotify:track:2i2CgMfqIKVD7MAc03jDch,8574f9f5f81d48deb991d489b34e0f61,2023-02-07T15:17:13Z,1,,f3a46681eff74153b2d6344ac8880544
spotify:track:2uhJyFGBH8qRj14D82rrYn,8574f9f5f81d48deb991d489b34e0f61,2023-02-07T15:17:13Z,1,,f3a46681eff74153b2d6344ac8880544
spotify:track:2XV5CUyw7gPVi18d718D4f,8574f9f5f81d48deb991d489b34e0f61,2023-02-07T15:17:13Z,1,,f3a46681eff74153b2d6344ac8880544
spotify:track:73MYXXOV9DKwq8MVuSOpMT,8574f9f5f81d48deb991d489b34e0f61,2023-02-07T15:17:13Z,1,,f3a46681eff74153b2d6344ac8880544
spotify:track:03EFCR3c8en9RROZ5381qt,18ef8246e8134716a1c35c0f7635145a,2023-02-07T15:50:03Z,1,,f3a46681eff74153b2d6344ac8880544
spotify:track:1bRu3c0EXmC0cegfoD8UnU,18ef8246e8134716a1c35c0f7635145a,2023-02-07T15:50:03Z,1,,f3a46681eff74153b2d6344ac8880544
spotify:track:2i2CgMfqIKVD7MAc03jDch,18ef8246e8134716a1c35c0f7635145a,2023-02-07T15:50:03Z,1,,f3a46681eff74153b2d6344ac8880544
spotify:track:2XV5CUyw7gPVi18d718D4f,18ef8246e8134716a1c35c0f7635145a,2023-02-07T15:50:03Z,1,,f3a46681eff74153b2d6344ac8880544
spotify:track:5qspeKX1xBacLJMm2t3Yc0,18ef8246e8134716a1c35c0f7635145a,2023-02-07T15:50:03Z,1,,f3a46681eff74153b2d6344ac8880544
spotify:track:73MYXXOV9DKwq8MVuSOpMT,18ef8246e8134716a1c35c0f7635145a,2023-02-07T15:50:03Z,1,,f3a46681eff74153b2d6344ac8880544
spotify:track:03cIxujvTyV0sNShMoONGH,df957f6ea37740abb2b7fad3269ccd95,2023-02-07T17:16:32Z,1,,f3a46681eff74153b2d6344ac8880544
spotify:track:17vXKhOq1aDVoHqm375fKq,df957f6ea37740abb2b7fad3269ccd95,2023-02-07T17:16:32Z,1,this made me lol,f3a46681eff74153b2d6344ac8880544
spotify:track:2fyn2C9PQyd0stf9DLjiKR,df957f6ea37740abb2b7fad3269ccd95,2023-02-07T17:16:32Z,0,I loved this but it didn't feel amoeba-y enough for me,f3a46681eff74153b2d6344ac8880544
spotify:track:2SJo1P387WJHJx1uFbyrRj,df957f6ea37740abb2b7fad3269ccd95,2023-02-07T17:16:32Z,1,,f3a46681eff74153b2d6344ac8880544
spotify:track:2XV5CUyw7gPVi18d718D4f,df957f6ea37740abb2b7fad3269ccd95,2023-02-07T17:16:32Z,1,,f3a46681eff74153b2d6344ac8880544
spotify:track:32ySwMh6iPn1rVqLX5RSm5,df957f6ea37740abb2b7fad3269ccd95,2023-02-07T17:16:32Z,1,,f3a46681eff74153b2d6344ac8880544
spotify:track:5rh3qe7ytGsANHrOhPVUMc,df957f6ea37740abb2b7fad3269ccd95,2023-02-07T17:16:32Z,1,,f3a46681eff74153b2d6344ac8880544
spotify:track:03cIxujvTyV0sNShMoONGH,9bb7a6f84baf47d9aaaa374a51b51e0e,2023-02-07T19:37:02Z,1,,f3a46681eff74153b2d6344ac8880544
spotify:track:2XV5CUyw7gPVi18d718D4f,9bb7a6f84baf47d9aaaa374a51b51e0e,2023-02-07T19:37:02Z,1,,f3a46681eff74153b2d6344ac8880544
spotify:track:3CJT3NY7LLs3dSwm2C59vC,9bb7a6f84baf47d9aaaa374a51b51e0e,2023-02-07T19:37:02Z,1,,f3a46681eff74153b2d6344ac8880544
spotify:track:3llVQLyIWcesnMyM7lrrL2,9bb7a6f84baf47d9aaaa374a51b51e0e,2023-02-07T19:37:02Z,1,,f3a46681eff74153b2d6344ac8880544
spotify:track:5rh3qe7ytGsANHrOhPVUMc,9bb7a6f84baf47d9aaaa374a51b51e0e,2023-02-07T19:37:02Z,1,,f3a46681eff74153b2d6344ac8880544
spotify:track:6pDzUazSIrRhViOqiMMraX,9bb7a6f84baf47d9aaaa374a51b51e0e,2023-02-07T19:37:02Z,1,,f3a46681eff74153b2d6344ac8880544
spotify:track:6BT86ifzqh8P47m86VG6lF,f3d015ff364f4f34aec6c51ff8f8dcfd,2023-02-07T21:18:19Z,0,Wish I had a vote for this as well,f3a46681eff74153b2d6344ac8880544
spotify:track:1bRu3c0EXmC0cegfoD8UnU,f3d015ff364f4f34aec6c51ff8f8dcfd,2023-02-07T21:18:19Z,1,,f3a46681eff74153b2d6344ac8880544
spotify:track:1U4OBnXNXCIkxlv4EknVeb,f3d015ff364f4f34aec6c51ff8f8dcfd,2023-02-07T21:18:19Z,1,,f3a46681eff74153b2d6344ac8880544
spotify:track:2SJo1P387WJHJx1uFbyrRj,f3d015ff364f4f34aec6c51ff8f8dcfd,2023-02-07T21:18:19Z,1,,f3a46681eff74153b2d6344ac8880544
spotify:track:2XV5CUyw7gPVi18d718D4f,f3d015ff364f4f34aec6c51ff8f8dcfd,2023-02-07T21:18:19Z,1,,f3a46681eff74153b2d6344ac8880544
spotify:track:32ySwMh6iPn1rVqLX5RSm5,f3d015ff364f4f34aec6c51ff8f8dcfd,2023-02-07T21:18:19Z,1,,f3a46681eff74153b2d6344ac8880544
spotify:track:3CJT3NY7LLs3dSwm2C59vC,f3d015ff364f4f34aec6c51ff8f8dcfd,2023-02-07T21:18:19Z,0,Ran out of votes,f3a46681eff74153b2d6344ac8880544
spotify:track:73MYXXOV9DKwq8MVuSOpMT,f3d015ff364f4f34aec6c51ff8f8dcfd,2023-02-07T21:18:19Z,1,,f3a46681eff74153b2d6344ac8880544
spotify:track:7i3vjpWqzThbgHKtieSH6w,f3d015ff364f4f34aec6c51ff8f8dcfd,2023-02-07T21:18:19Z,0,Love this song but not amoebish enough,f3a46681eff74153b2d6344ac8880544
spotify:track:5rh3qe7ytGsANHrOhPVUMc,a279f32e317f4fefa873b60c91048487,2023-02-07T22:09:37Z,1,,f3a46681eff74153b2d6344ac8880544
spotify:track:3llVQLyIWcesnMyM7lrrL2,a279f32e317f4fefa873b60c91048487,2023-02-07T22:09:37Z,1,,f3a46681eff74153b2d6344ac8880544
spotify:track:2XV5CUyw7gPVi18d718D4f,a279f32e317f4fefa873b60c91048487,2023-02-07T22:09:37Z,1,ü•∞,f3a46681eff74153b2d6344ac8880544
spotify:track:2i2CgMfqIKVD7MAc03jDch,a279f32e317f4fefa873b60c91048487,2023-02-07T22:09:37Z,1,,f3a46681eff74153b2d6344ac8880544
spotify:track:1U4OBnXNXCIkxlv4EknVeb,a279f32e317f4fefa873b60c91048487,2023-02-07T22:09:37Z,1,,f3a46681eff74153b2d6344ac8880544
spotify:track:73MYXXOV9DKwq8MVuSOpMT,a279f32e317f4fefa873b60c91048487,2023-02-07T22:09:37Z,1,,f3a46681eff74153b2d6344ac8880544
spotify:track:7c3H2Ykgmk7jrbOUPxwhp1,30df215972534f33ba3c9ef02ad26f0c,2023-02-08T08:47:59Z,1,,f3a46681eff74153b2d6344ac8880544
spotify:track:7BxJz17EyAHjZlHEEqrtm6,30df215972534f33ba3c9ef02ad26f0c,2023-02-08T08:47:59Z,1,,f3a46681eff74153b2d6344ac8880544
spotify:track:2i2CgMfqIKVD7MAc03jDch,30df215972534f33ba3c9ef02ad26f0c,2023-02-08T08:47:59Z,1,,f3a46681eff74153b2d6344ac8880544
spotify:track:2fyn2C9PQyd0stf9DLjiKR,30df215972534f33ba3c9ef02ad26f0c,2023-02-08T08:47:59Z,1,,f3a46681eff74153b2d6344ac8880544
spotify:track:03cIxujvTyV0sNShMoONGH,30df215972534f33ba3c9ef02ad26f0c,2023-02-08T08:47:59Z,1,,f3a46681eff74153b2d6344ac8880544
spotify:track:5rh3qe7ytGsANHrOhPVUMc,30df215972534f33ba3c9ef02ad26f0c,2023-02-08T08:47:59Z,1,,f3a46681eff74153b2d6344ac8880544
spotify:track:5qspeKX1xBacLJMm2t3Yc0,1bc86110e6c1492f87d243410ce2644f,2023-02-08T10:48:28Z,1,,f3a46681eff74153b2d6344ac8880544
spotify:track:1bRu3c0EXmC0cegfoD8UnU,1bc86110e6c1492f87d243410ce2644f,2023-02-08T10:48:28Z,1,,f3a46681eff74153b2d6344ac8880544
spotify:track:2XV5CUyw7gPVi18d718D4f,1bc86110e6c1492f87d243410ce2644f,2023-02-08T10:48:28Z,1,,f3a46681eff74153b2d6344ac8880544
spotify:track:2SJo1P387WJHJx1uFbyrRj,1bc86110e6c1492f87d243410ce2644f,2023-02-08T10:48:28Z,1,,f3a46681eff74153b2d6344ac8880544
spotify:track:2fyn2C9PQyd0stf9DLjiKR,1bc86110e6c1492f87d243410ce2644f,2023-02-08T10:48:28Z,1,,f3a46681eff74153b2d6344ac8880544
spotify:track:5rh3qe7ytGsANHrOhPVUMc,1bc86110e6c1492f87d243410ce2644f,2023-02-08T10:48:28Z,1,,f3a46681eff74153b2d6344ac8880544
spotify:track:5rh3qe7ytGsANHrOhPVUMc,dabfe0d311ff4e03a85f9d1056769bdb,2023-02-08T16:29:33Z,1,,f3a46681eff74153b2d6344ac8880544
spotify:track:1bRu3c0EXmC0cegfoD8UnU,dabfe0d311ff4e03a85f9d1056769bdb,2023-02-08T16:29:33Z,1,,f3a46681eff74153b2d6344ac8880544
spotify:track:2SJo1P387WJHJx1uFbyrRj,dabfe0d311ff4e03a85f9d1056769bdb,2023-02-08T16:29:33Z,1,this was my second choice very much feel like an amoeba while listening,f3a46681eff74153b2d6344ac8880544
spotify:track:2WxtpDiFtkpl7ZSLQkvDyn,dabfe0d311ff4e03a85f9d1056769bdb,2023-02-08T16:29:33Z,1,,f3a46681eff74153b2d6344ac8880544
spotify:track:4YUn9dCxEKeCcA6nhtykR4,dabfe0d311ff4e03a85f9d1056769bdb,2023-02-08T16:29:33Z,1,,f3a46681eff74153b2d6344ac8880544
spotify:track:6vGhuJS38CNt3LhcRRttgK,dabfe0d311ff4e03a85f9d1056769bdb,2023-02-08T16:29:33Z,1,,f3a46681eff74153b2d6344ac8880544
spotify:track:2SJo1P387WJHJx1uFbyrRj,77d8276c3aa54dbfb8507251fd889746,2023-02-08T18:02:02Z,1,What the fuck is the name,f3a46681eff74153b2d6344ac8880544
spotify:track:7vaFuClNKe02pjKYbXEJ46,77d8276c3aa54dbfb8507251fd889746,2023-02-08T18:02:02Z,0,100 gecs tree la grange illinois send tweet,f3a46681eff74153b2d6344ac8880544
spotify:track:73MYXXOV9DKwq8MVuSOpMT,77d8276c3aa54dbfb8507251fd889746,2023-02-08T18:02:02Z,0,if anything this is the exact opposite! but would an Amoeba not want to get big and supersize?? good song though sorry for no points,f3a46681eff74153b2d6344ac8880544
spotify:track:4YUn9dCxEKeCcA6nhtykR4,77d8276c3aa54dbfb8507251fd889746,2023-02-08T18:02:02Z,0,This is a little more westerny feeling but the melodies feel amoebalike to me,f3a46681eff74153b2d6344ac8880544
spotify:track:3llVQLyIWcesnMyM7lrrL2,77d8276c3aa54dbfb8507251fd889746,2023-02-08T18:02:02Z,1,NOW THIS IS A GOOPED UP SINGLE CELLULAR TRACK,f3a46681eff74153b2d6344ac8880544
spotify:track:3CJT3NY7LLs3dSwm2C59vC,77d8276c3aa54dbfb8507251fd889746,2023-02-08T18:02:02Z,1,,f3a46681eff74153b2d6344ac8880544
spotify:track:2XV5CUyw7gPVi18d718D4f,77d8276c3aa54dbfb8507251fd889746,2023-02-08T18:02:02Z,1,"I love Mort Garson apparently lol! Good synths, microbe music",f3a46681eff74153b2d6344ac8880544
spotify:track:1bRu3c0EXmC0cegfoD8UnU,77d8276c3aa54dbfb8507251fd889746,2023-02-08T18:02:02Z,1,Funky and cool and synthy and bubbly,f3a46681eff74153b2d6344ac8880544
spotify:track:17vXKhOq1aDVoHqm375fKq,77d8276c3aa54dbfb8507251fd889746,2023-02-08T18:02:02Z,0,If we had downvotes this would get one I am sorry. I love Tally Hall but man,f3a46681eff74153b2d6344ac8880544
spotify:track:03EFCR3c8en9RROZ5381qt,77d8276c3aa54dbfb8507251fd889746,2023-02-08T18:02:02Z,1,i am in my stable and comfortable space wriggling,f3a46681eff74153b2d6344ac8880544
spotify:track:0uiQhudIXBRSsdkJvAzZIW,e2da4cbaa7ef4014bf4429ee89f716db,2023-02-08T19:49:26Z,1,,f3a46681eff74153b2d6344ac8880544
spotify:track:7BxJz17EyAHjZlHEEqrtm6,e2da4cbaa7ef4014bf4429ee89f716db,2023-02-08T19:49:26Z,1,,f3a46681eff74153b2d6344ac8880544
spotify:track:7vaFuClNKe02pjKYbXEJ46,e2da4cbaa7ef4014bf4429ee89f716db,2023-02-08T19:49:26Z,1,,f3a46681eff74153b2d6344ac8880544
spotify:track:5qspeKX1xBacLJMm2t3Yc0,e2da4cbaa7ef4014bf4429ee89f716db,2023-02-08T19:49:26Z,1,,f3a46681eff74153b2d6344ac8880544
spotify:track:2i2CgMfqIKVD7MAc03jDch,e2da4cbaa7ef4014bf4429ee89f716db,2023-02-08T19:49:26Z,1,,f3a46681eff74153b2d6344ac8880544
spotify:track:2fyn2C9PQyd0stf9DLjiKR,e2da4cbaa7ef4014bf4429ee89f716db,2023-02-08T19:49:26Z,1,,f3a46681eff74153b2d6344ac8880544
spotify:track:7BxJz17EyAHjZlHEEqrtm6,c14394d6867042f282c8da639f1816fa,2023-02-09T02:35:21Z,1,,f3a46681eff74153b2d6344ac8880544
spotify:track:0uiQhudIXBRSsdkJvAzZIW,c14394d6867042f282c8da639f1816fa,2023-02-09T02:35:21Z,1,,f3a46681eff74153b2d6344ac8880544
spotify:track:2fyn2C9PQyd0stf9DLjiKR,c14394d6867042f282c8da639f1816fa,2023-02-09T02:35:21Z,2,,f3a46681eff74153b2d6344ac8880544
spotify:track:2SJo1P387WJHJx1uFbyrRj,c14394d6867042f282c8da639f1816fa,2023-02-09T02:35:21Z,1,,f3a46681eff74153b2d6344ac8880544
spotify:track:2WxtpDiFtkpl7ZSLQkvDyn,c14394d6867042f282c8da639f1816fa,2023-02-09T02:35:21Z,1,,f3a46681eff74153b2d6344ac8880544
spotify:track:2XV5CUyw7gPVi18d718D4f,2673715bca7d4e49b8b0c1e1cd5c4cba,2023-02-09T20:10:44Z,2,,f3a46681eff74153b2d6344ac8880544
spotify:track:2SJo1P387WJHJx1uFbyrRj,2673715bca7d4e49b8b0c1e1cd5c4cba,2023-02-09T20:10:44Z,1,,f3a46681eff74153b2d6344ac8880544
spotify:track:2uhJyFGBH8qRj14D82rrYn,2673715bca7d4e49b8b0c1e1cd5c4cba,2023-02-09T20:10:44Z,1,,f3a46681eff74153b2d6344ac8880544
spotify:track:73MYXXOV9DKwq8MVuSOpMT,2673715bca7d4e49b8b0c1e1cd5c4cba,2023-02-09T20:10:44Z,2,,f3a46681eff74153b2d6344ac8880544
spotify:track:6pDzUazSIrRhViOqiMMraX,b643a86e41b543948d0ac55c17cbbc79,2023-02-09T23:34:13Z,1,I do not like this......its getting a vote lmao ,f3a46681eff74153b2d6344ac8880544
spotify:track:1LjsGFsGNl0dnAynIZFkRl,b643a86e41b543948d0ac55c17cbbc79,2023-02-09T23:34:13Z,1,Yes this song made me feel like a little being ty,f3a46681eff74153b2d6344ac8880544
spotify:track:2fyn2C9PQyd0stf9DLjiKR,b643a86e41b543948d0ac55c17cbbc79,2023-02-09T23:34:13Z,0,GREAT song!! Didnt make me feel like a little goo creature tho sowwy,f3a46681eff74153b2d6344ac8880544
spotify:track:2i2CgMfqIKVD7MAc03jDch,b643a86e41b543948d0ac55c17cbbc79,2023-02-09T23:34:13Z,1,"This was my fav of the set, thanks for submitting!",f3a46681eff74153b2d6344ac8880544
spotify:track:2SJo1P387WJHJx1uFbyrRj,b643a86e41b543948d0ac55c17cbbc79,2023-02-09T23:34:13Z,1,,f3a46681eff74153b2d6344ac8880544
spotify:track:2uhJyFGBH8qRj14D82rrYn,b643a86e41b543948d0ac55c17cbbc79,2023-02-09T23:34:13Z,0,This almost got a vote but sorta lost me at the end - still like it!! ,f3a46681eff74153b2d6344ac8880544
spotify:track:2XV5CUyw7gPVi18d718D4f,b643a86e41b543948d0ac55c17cbbc79,2023-02-09T23:34:13Z,1,"I forgot all about this album, thank you for submitting and reminding me of it!!",f3a46681eff74153b2d6344ac8880544
spotify:track:73MYXXOV9DKwq8MVuSOpMT,b643a86e41b543948d0ac55c17cbbc79,2023-02-09T23:34:13Z,1,,f3a46681eff74153b2d6344ac8880544
spotify:track:2SJo1P387WJHJx1uFbyrRj,e4cd40ede6844e749dc51450e0f4395e,2023-02-10T23:27:44Z,1,,f3a46681eff74153b2d6344ac8880544
spotify:track:0uiQhudIXBRSsdkJvAzZIW,e4cd40ede6844e749dc51450e0f4395e,2023-02-10T23:27:44Z,0,Great song! Saved üëΩ,f3a46681eff74153b2d6344ac8880544
spotify:track:17vXKhOq1aDVoHqm375fKq,e4cd40ede6844e749dc51450e0f4395e,2023-02-10T23:27:44Z,1,,f3a46681eff74153b2d6344ac8880544
spotify:track:2XV5CUyw7gPVi18d718D4f,e4cd40ede6844e749dc51450e0f4395e,2023-02-10T23:27:44Z,0,The verses are perfect amoeba music but the brass sounds kinda spoiled it for me - beautiful composition though!,f3a46681eff74153b2d6344ac8880544
spotify:track:3llVQLyIWcesnMyM7lrrL2,e4cd40ede6844e749dc51450e0f4395e,2023-02-10T23:27:44Z,1,,f3a46681eff74153b2d6344ac8880544
spotify:track:6vGhuJS38CNt3LhcRRttgK,e4cd40ede6844e749dc51450e0f4395e,2023-02-10T23:27:44Z,1,,f3a46681eff74153b2d6344ac8880544
spotify:track:5rh3qe7ytGsANHrOhPVUMc,e4cd40ede6844e749dc51450e0f4395e,2023-02-10T23:27:44Z,1,,f3a46681eff74153b2d6344ac8880544
spotify:track:2WxtpDiFtkpl7ZSLQkvDyn,e4cd40ede6844e749dc51450e0f4395e,2023-02-10T23:27:44Z,1,,f3a46681eff74153b2d6344ac8880544
spotify:track:1LjsGFsGNl0dnAynIZFkRl,12970f0e22c64e9d8b6f1cf33083514c,2023-02-11T15:43:57Z,1,,f3a46681eff74153b2d6344ac8880544
spotify:track:0uiQhudIXBRSsdkJvAzZIW,12970f0e22c64e9d8b6f1cf33083514c,2023-02-11T15:43:57Z,1,,f3a46681eff74153b2d6344ac8880544
spotify:track:4YUn9dCxEKeCcA6nhtykR4,12970f0e22c64e9d8b6f1cf33083514c,2023-02-11T15:43:57Z,1,,f3a46681eff74153b2d6344ac8880544
spotify:track:2XV5CUyw7gPVi18d718D4f,12970f0e22c64e9d8b6f1cf33083514c,2023-02-11T15:43:57Z,1,can't not vote for plantasia!,f3a46681eff74153b2d6344ac8880544
spotify:track:2fyn2C9PQyd0stf9DLjiKR,12970f0e22c64e9d8b6f1cf33083514c,2023-02-11T15:43:57Z,1,,f3a46681eff74153b2d6344ac8880544
spotify:track:1bRu3c0EXmC0cegfoD8UnU,12970f0e22c64e9d8b6f1cf33083514c,2023-02-11T15:43:57Z,1,,f3a46681eff74153b2d6344ac8880544
